"Cell Type","Cost","MatchingID","MatchingPercentMatch","MatchingType","MeanMatchedPersistence","tree1NodeId","tree2NodeId"
3,0.0056417,0,200,2,28.694,7,7
3,0.0056417,1,200,3,28.694,0,0
3,4.5806e-06,2,200,2,1.3438,5,5
3,4.5806e-06,3,200,1,1.3438,1,1
3,0.00012041,4,100,2,2.2508,9,9
3,0.00012041,5,100,1,2.2508,3,3
