"Cell Type","Cost","MatchingID","MatchingPercentMatch","MatchingType","MeanMatchedPersistence","tree1NodeId","tree2NodeId"
3,0.12878,0,200,2,28.836,7,7
3,0.12878,1,200,3,28.836,0,0
3,3.8289e-05,2,200,2,1.2684,9,9
3,3.8289e-05,3,200,1,1.2684,3,3
3,4.9624e-05,4,200,2,0.53745,5,5
3,4.9624e-05,5,200,1,0.53745,1,1
