"Cell Type","Cost","MatchingID","MatchingPercentMatch","MatchingType","MeanMatchedPersistence","tree1NodeId","tree2NodeId"
3,0.11995,0,200,2,28.829,7,7
3,0.11995,1,200,3,28.829,0,0
3,3.5664e-05,2,200,2,1.2684,9,9
3,3.5664e-05,3,200,1,1.2684,3,3
3,4.6222e-05,4,200,2,0.53745,5,5
3,4.6222e-05,5,200,1,0.53745,1,1
