"Cell Type","Cost","MatchingID","MatchingPercentMatch","MatchingType","MeanMatchedPersistence","tree1NodeId","tree2NodeId"
3,0.030716,0,200,2,28.744,7,7
3,0.030716,1,200,3,28.744,0,0
3,2.4939e-05,2,200,2,1.3438,5,5
3,2.4939e-05,3,200,1,1.3438,1,1
3,0.00065554,4,100,2,1.9561,9,9
3,0.00065554,5,100,1,1.9561,3,3
