"Cell Type","Cost","MatchingID","MatchingPercentMatch","MatchingType","MeanMatchedPersistence","tree1NodeId","tree2NodeId"
3,0.13179,0,200,2,28.838,7,7
3,0.13179,1,200,3,28.838,0,0
3,0.00010701,2,200,2,1.344,5,5
3,0.00010701,3,200,1,1.344,1,1
3,0.0028128,4,100,2,1.3979,9,9
3,0.0028128,5,100,1,1.3979,3,3
