"Cell Type","Cost","MatchingID","MatchingPercentMatch","MatchingType","MeanMatchedPersistence","tree1NodeId","tree2NodeId"
3,0.014644,0,200,2,28.717,7,7
3,0.014644,1,200,3,28.717,0,0
3,1.189e-05,2,200,2,1.3438,5,5
3,1.189e-05,3,200,1,1.3438,1,1
3,0.00031253,4,100,2,2.116,9,9
3,0.00031253,5,100,1,2.116,3,3
