"Cell Type","Cost","MatchingID","MatchingPercentMatch","MatchingType","MeanMatchedPersistence","tree1NodeId","tree2NodeId"
3,0.038464,0,200,2,28.754,7,7
3,0.038464,1,200,3,28.754,0,0
3,3.123e-05,2,200,2,1.3439,5,5
3,3.123e-05,3,200,1,1.3439,1,1
3,0.00082091,4,100,2,1.8944,9,9
3,0.00082091,5,100,1,1.8944,3,3
