"Cell Type","Cost","MatchingID","MatchingPercentMatch","MatchingType","MeanMatchedPersistence","tree1NodeId","tree2NodeId"
3,0.013651,0,200,2,28.715,7,7
3,0.013651,1,200,3,28.715,0,0
3,1.1084e-05,2,200,2,1.3438,5,5
3,1.1084e-05,3,200,1,1.3438,1,1
3,0.00029135,4,100,2,2.1282,9,9
3,0.00029135,5,100,1,2.1282,3,3
