"Cell Type","Cost","MatchingID","MatchingPercentMatch","MatchingType","MeanMatchedPersistence","tree1NodeId","tree2NodeId"
3,0.0034127,0,200,2,28.685,7,7
3,0.0034127,1,200,3,28.685,0,0
3,1.0147e-06,2,200,2,1.2684,9,9
3,1.0147e-06,3,200,1,1.2684,3,3
3,1.315e-06,4,200,2,0.53745,5,5
3,1.315e-06,5,200,1,0.53745,1,1
