"Cell Type","Cost","MatchingID","MatchingPercentMatch","MatchingType","MeanMatchedPersistence","tree1NodeId","tree2NodeId"
3,0.097944,0,200,2,28.813,7,7
3,0.097944,1,200,3,28.813,0,0
3,2.912e-05,2,200,2,1.2684,9,9
3,2.912e-05,3,200,1,1.2684,3,3
3,3.7741e-05,4,200,2,0.53746,5,5
3,3.7741e-05,5,200,1,0.53746,1,1
