"Cell Type","Cost","MatchingID","MatchingPercentMatch","MatchingType","MeanMatchedPersistence","tree1NodeId","tree2NodeId"
3,0.16723,0,200,2,28.861,7,7
3,0.16723,1,200,3,28.861,0,0
3,0.00013578,2,200,2,1.344,5,5
3,0.00013578,3,200,1,1.344,1,1
3,0.003569,4,100,2,1.2603,9,9
3,0.003569,5,100,1,1.2603,3,3
