"Cell Type","Cost","MatchingID","MatchingPercentMatch","MatchingType","MeanMatchedPersistence","tree1NodeId","tree2NodeId"
3,0.0001567,0,200,2,28.662,7,7
3,0.0001567,1,200,3,28.662,0,0
3,1.2724e-07,2,200,2,1.3437,5,5
3,1.2724e-07,3,200,1,1.3437,1,1
3,3.3446e-06,4,100,2,2.4339,9,9
3,3.3446e-06,5,100,1,2.4339,3,3
