"Cell Type","Cost","MatchingID","MatchingPercentMatch","MatchingType","MeanMatchedPersistence","tree1NodeId","tree2NodeId"
3,0.0050322,0,200,2,28.692,7,7
3,0.0050322,1,200,3,28.692,0,0
3,4.0858e-06,2,200,2,1.3438,5,5
3,4.0858e-06,3,200,1,1.3438,1,1
3,0.0001074,4,100,2,2.263,9,9
3,0.0001074,5,100,1,2.263,3,3
