"Cell Type","Cost","MatchingID","MatchingPercentMatch","MatchingType","MeanMatchedPersistence","tree1NodeId","tree2NodeId"
3,0.16383,0,200,2,28.858,7,7
3,0.16383,1,200,3,28.858,0,0
3,0.00013302,2,200,2,1.344,5,5
3,0.00013302,3,200,1,1.344,1,1
3,0.0034966,4,100,2,1.2728,9,9
3,0.0034966,5,100,1,1.2728,3,3
