"Cell Type","Cost","MatchingID","MatchingPercentMatch","MatchingType","MeanMatchedPersistence","tree1NodeId","tree2NodeId"
3,0.10594,0,200,2,28.819,7,7
3,0.10594,1,200,3,28.819,0,0
3,8.6015e-05,2,200,2,1.3439,5,5
3,8.6015e-05,3,200,1,1.3439,1,1
3,0.0022609,4,100,2,1.5101,9,9
3,0.0022609,5,100,1,1.5101,3,3
