"Cell Type","Cost","MatchingID","MatchingPercentMatch","MatchingType","MeanMatchedPersistence","tree1NodeId","tree2NodeId"
3,0.045289,0,200,2,28.763,7,7
3,0.045289,1,200,3,28.763,0,0
3,3.6772e-05,2,200,2,1.3439,5,5
3,3.6772e-05,3,200,1,1.3439,1,1
3,0.00096658,4,100,2,1.845,9,9
3,0.00096658,5,100,1,1.845,3,3
