"Cell Type","Cost","MatchingID","MatchingPercentMatch","MatchingType","MeanMatchedPersistence","tree1NodeId","tree2NodeId"
3,0.048911,0,200,2,28.767,7,7
3,0.048911,1,200,3,28.767,0,0
3,3.9713e-05,2,200,2,1.3439,5,5
3,3.9713e-05,3,200,1,1.3439,1,1
3,0.0010439,4,100,2,1.8203,9,9
3,0.0010439,5,100,1,1.8203,3,3
