"Cell Type","Cost","MatchingID","MatchingPercentMatch","MatchingType","MeanMatchedPersistence","tree1NodeId","tree2NodeId"
3,0.03526,0,200,2,28.75,7,7
3,0.03526,1,200,3,28.75,0,0
3,2.8629e-05,2,200,2,1.3439,5,5
3,2.8629e-05,3,200,1,1.3439,1,1
3,0.00075253,4,100,2,1.9191,9,9
3,0.00075253,5,100,1,1.9191,3,3
