"Cell Type","Cost","MatchingID","MatchingPercentMatch","MatchingType","MeanMatchedPersistence","tree1NodeId","tree2NodeId"
3,0.0017413,0,200,2,28.677,7,7
3,0.0017413,1,200,3,28.677,0,0
3,1.4138e-06,2,200,2,1.3437,5,5
3,1.4138e-06,3,200,1,1.3437,1,1
3,3.7162e-05,4,100,2,2.3486,9,9
3,3.7162e-05,5,100,1,2.3486,3,3
