"Cell Type","Cost","MatchingID","MatchingPercentMatch","MatchingType","MeanMatchedPersistence","tree1NodeId","tree2NodeId"
3,0.073567,0,200,2,28.792,7,7
3,0.073567,1,200,3,28.792,0,0
3,5.9732e-05,2,200,2,1.3439,5,5
3,5.9732e-05,3,200,1,1.3439,1,1
3,0.0015701,4,100,2,1.6717,9,9
3,0.0015701,5,100,1,1.6717,3,3
