"Cell Type","Cost","MatchingID","MatchingPercentMatch","MatchingType","MeanMatchedPersistence","tree1NodeId","tree2NodeId"
3,0.11995,0,200,2,28.829,7,7
3,0.11995,1,200,3,28.829,0,0
3,9.7397e-05,2,200,2,1.344,5,5
3,9.7397e-05,3,200,1,1.344,1,1
3,0.0025601,4,100,2,1.4478,9,9
3,0.0025601,5,100,1,1.4478,3,3
