"Cell Type","Cost","MatchingID","MatchingPercentMatch","MatchingType","MeanMatchedPersistence","tree1NodeId","tree2NodeId"
3,0.02786,0,200,2,28.74,7,7
3,0.02786,1,200,3,28.74,0,0
3,2.2621e-05,2,200,2,1.3438,5,5
3,2.2621e-05,3,200,1,1.3438,1,1
3,0.00059459,4,100,2,1.9807,9,9
3,0.00059459,5,100,1,1.9807,3,3
