"Cell Type","Cost","MatchingID","MatchingPercentMatch","MatchingType","MeanMatchedPersistence","tree1NodeId","tree2NodeId"
3,0.0021068,0,200,2,28.679,7,7
3,0.0021068,1,200,3,28.679,0,0
3,1.7106e-06,2,200,2,1.3437,5,5
3,1.7106e-06,3,200,1,1.3437,1,1
3,4.4966e-05,4,100,2,2.3364,9,9
3,4.4966e-05,5,100,1,2.3364,3,3
