"Cell Type","Cost","MatchingID","MatchingPercentMatch","MatchingType","MeanMatchedPersistence","tree1NodeId","tree2NodeId"
3,0.050774,0,200,2,28.769,7,7
3,0.050774,1,200,3,28.769,0,0
3,4.1226e-05,2,200,2,1.3439,5,5
3,4.1226e-05,3,200,1,1.3439,1,1
3,0.0010836,4,100,2,1.8079,9,9
3,0.0010836,5,100,1,1.8079,3,3
