"Cell Type","Cost","MatchingID","MatchingPercentMatch","MatchingType","MeanMatchedPersistence","tree1NodeId","tree2NodeId"
3,0.0039177,0,200,2,29.042,7,7
3,0.0039177,1,200,3,29.042,0,0
3,1.1648e-06,2,200,2,1.2684,9,9
3,1.1648e-06,3,200,1,1.2684,3,3
3,1.5096e-06,4,200,2,0.53745,5,5
3,1.5096e-06,5,200,1,0.53745,1,1
