"Cell Type","Cost","MatchingID","MatchingPercentMatch","MatchingType","MeanMatchedPersistence","tree1NodeId","tree2NodeId"
3,0.045289,0,200,2,28.967,7,7
3,0.045289,1,200,3,28.967,0,0
3,1.3465e-05,2,200,2,1.2684,9,9
3,1.3465e-05,3,200,1,1.2684,3,3
3,1.7452e-05,4,200,2,0.53746,5,5
3,1.7452e-05,5,200,1,0.53746,1,1
