"Cell Type","Cost","MatchingID","MatchingPercentMatch","MatchingType","MeanMatchedPersistence","tree1NodeId","tree2NodeId"
3,0.00018598,0,200,2,28.725,7,7
3,0.00018598,1,200,3,28.725,0,0
3,3.2421e-05,2,200,2,0.48112,9,9
3,3.2421e-05,3,200,1,0.48112,3,3
3,9.4706e-06,4,200,2,2.8753,5,5
3,9.4706e-06,5,200,1,2.8753,1,1
