"Cell Type","Cost","MatchingID","MatchingPercentMatch","MatchingType","MeanMatchedPersistence","tree1NodeId","tree2NodeId"
3,0.0012145,0,200,2,28.714,7,7
3,0.0012145,1,200,3,28.714,0,0
3,0.00021174,2,200,2,0.61398,9,9
3,0.00021174,3,200,1,0.61398,3,3
3,6.1851e-05,4,200,2,2.8129,5,5
3,6.1851e-05,5,200,1,2.8129,1,1
