"Cell Type","Cost","MatchingID","MatchingPercentMatch","MatchingType","MeanMatchedPersistence","tree1NodeId","tree2NodeId"
3,0.0010124,0,200,2,28.716,7,7
3,0.0010124,1,200,3,28.716,0,0
3,0.00017651,2,200,2,0.59501,9,9
3,0.00017651,3,200,1,0.59501,3,3
3,5.1562e-05,4,200,2,2.8218,5,5
3,5.1562e-05,5,200,1,2.8218,1,1
