"Cell Type","Cost","MatchingID","MatchingPercentMatch","MatchingType","MeanMatchedPersistence","tree1NodeId","tree2NodeId"
3,0.0011623,0,200,2,28.715,7,7
3,0.0011623,1,200,3,28.715,0,0
3,0.00020263,2,200,2,0.60924,9,9
3,0.00020263,3,200,1,0.60924,3,3
3,5.9191e-05,4,200,2,2.8152,5,5
3,5.9191e-05,5,200,1,2.8152,1,1
