"Cell Type","Cost","MatchingID","MatchingPercentMatch","MatchingType","MeanMatchedPersistence","tree1NodeId","tree2NodeId"
3,0.00027777,0,200,2,28.724,7,7
3,0.00027777,1,200,3,28.724,0,0
3,4.8431e-05,2,200,2,0.50011,9,9
3,4.8431e-05,3,200,1,0.50011,3,3
3,1.4147e-05,4,200,2,2.8664,5,5
3,1.4147e-05,5,200,1,2.8664,1,1
