"Cell Type","Cost","MatchingID","MatchingPercentMatch","MatchingType","MeanMatchedPersistence","tree1NodeId","tree2NodeId"
3,0.0036733,0,200,2,28.702,7,7
3,0.0036733,1,200,3,28.702,0,0
3,0.00064041,2,200,2,0.77504,5,9
3,0.00064041,3,200,1,0.77504,1,3
3,0.00018707,4,200,2,2.7374,9,5
3,0.00018707,5,200,1,2.7374,3,1
