"Cell Type","Cost","MatchingID","MatchingPercentMatch","MatchingType","MeanMatchedPersistence","tree1NodeId","tree2NodeId"
3,0.0034029,0,200,2,28.703,7,7
3,0.0034029,1,200,3,28.703,0,0
3,0.00059328,2,200,2,0.76084,5,9
3,0.00059328,3,200,1,0.76084,1,3
3,0.00017331,4,200,2,2.744,9,5
3,0.00017331,5,200,1,2.744,3,1
