"Cell Type","Cost","MatchingID","MatchingPercentMatch","MatchingType","MeanMatchedPersistence","tree1NodeId","tree2NodeId"
3,0.00014692,0,200,2,28.726,7,7
3,0.00014692,1,200,3,28.726,0,0
3,2.5616e-05,2,200,2,0.47163,9,9
3,2.5616e-05,3,200,1,0.47163,3,3
3,7.4828e-06,4,200,2,2.8798,5,5
3,7.4828e-06,5,200,1,2.8798,1,1
