"Cell Type","Cost","MatchingID","MatchingPercentMatch","MatchingType","MeanMatchedPersistence","tree1NodeId","tree2NodeId"
3,0.0052895,0,200,2,28.696,7,7
3,0.0052895,1,200,3,28.696,0,0
3,0.00092219,2,200,2,0.85074,5,9
3,0.00092219,3,200,1,0.85074,1,3
3,0.00026938,4,200,2,2.7018,9,5
3,0.00026938,5,200,1,2.7018,3,1
