"Cell Type","Cost","MatchingID","MatchingPercentMatch","MatchingType","MeanMatchedPersistence","tree1NodeId","tree2NodeId"
3,0.0016737,0,200,2,28.711,7,7
3,0.0016737,1,200,3,28.711,0,0
3,0.00029179,2,200,2,0.6519,9,9
3,0.00029179,3,200,1,0.6519,3,3
3,8.5235e-05,4,200,2,2.7951,5,5
3,8.5235e-05,5,200,1,2.7951,1,1
