"Cell Type","Cost","MatchingID","MatchingPercentMatch","MatchingType","MeanMatchedPersistence","tree1NodeId","tree2NodeId"
3,0.00045001,0,200,2,28.721,7,7
3,0.00045001,1,200,3,28.721,0,0
3,7.8451e-05,2,200,2,0.52859,9,9
3,7.8451e-05,3,200,1,0.52859,3,3
3,2.2916e-05,4,200,2,2.853,5,5
3,2.2916e-05,5,200,1,2.853,1,1
