"Cell Type","Cost","MatchingID","MatchingPercentMatch","MatchingType","MeanMatchedPersistence","tree1NodeId","tree2NodeId"
3,0.0021357,0,200,2,28.709,7,7
3,0.0021357,1,200,3,28.709,0,0
3,0.00037234,2,200,2,0.68507,9,9
3,0.00037234,3,200,1,0.68507,3,3
3,0.00010877,4,200,2,2.7796,5,5
3,0.00010877,5,200,1,2.7796,1,1
