"Cell Type","Cost","MatchingID","MatchingPercentMatch","MatchingType","MeanMatchedPersistence","tree1NodeId","tree2NodeId"
3,0.00091833,0,200,2,28.717,7,7
3,0.00091833,1,200,3,28.717,0,0
3,0.0001601,2,200,2,0.58553,9,9
3,0.0001601,3,200,1,0.58553,3,3
3,4.6768e-05,4,200,2,2.8263,5,5
3,4.6768e-05,5,200,1,2.8263,1,1
