"Cell Type","Cost","MatchingID","MatchingPercentMatch","MatchingType","MeanMatchedPersistence","tree1NodeId","tree2NodeId"
3,0.00041838,0,200,2,28.722,7,7
3,0.00041838,1,200,3,28.722,0,0
3,7.2947e-05,2,200,2,0.52385,9,9
3,7.2947e-05,3,200,1,0.52385,3,3
3,2.1309e-05,4,200,2,2.8552,5,5
3,2.1309e-05,5,200,1,2.8552,1,1
