"Cell Type","Cost","MatchingID","MatchingPercentMatch","MatchingType","MeanMatchedPersistence","tree1NodeId","tree2NodeId"
3,0.0012678,0,200,2,28.714,7,7
3,0.0012678,1,200,3,28.714,0,0
3,0.00022104,2,200,2,0.61872,9,9
3,0.00022104,3,200,1,0.61872,3,3
3,6.4569e-05,4,200,2,2.8107,5,5
3,6.4569e-05,5,200,1,2.8107,1,1
