"Cell Type","Cost","MatchingID","MatchingPercentMatch","MatchingType","MeanMatchedPersistence","tree1NodeId","tree2NodeId"
3,0.0015519,0,200,2,28.712,7,7
3,0.0015519,1,200,3,28.712,0,0
3,0.00027057,2,200,2,0.64242,9,9
3,0.00027057,3,200,1,0.64242,3,3
3,7.9039e-05,4,200,2,2.7996,5,5
3,7.9039e-05,5,200,1,2.7996,1,1
