"Cell Type","Cost","MatchingID","MatchingPercentMatch","MatchingType","MeanMatchedPersistence","tree1NodeId","tree2NodeId"
3,0.0017362,0,200,2,28.711,7,7
3,0.0017362,1,200,3,28.711,0,0
3,0.00030269,2,200,2,0.65664,9,9
3,0.00030269,3,200,1,0.65664,3,3
3,8.8421e-05,4,200,2,2.7929,5,5
3,8.8421e-05,5,200,1,2.7929,1,1
