"Cell Type","Cost","MatchingID","MatchingPercentMatch","MatchingType","MeanMatchedPersistence","tree1NodeId","tree2NodeId"
3,0.0001125,0,200,2,28.727,7,7
3,0.0001125,1,200,3,28.727,0,0
3,1.9612e-05,2,200,2,0.46213,9,9
3,1.9612e-05,3,200,1,0.46213,3,3
3,5.7292e-06,4,200,2,2.8842,5,5
3,5.7292e-06,5,200,1,2.8842,1,1
