"Cell Type","Cost","MatchingID","MatchingPercentMatch","MatchingType","MeanMatchedPersistence","tree1NodeId","tree2NodeId"
3,0.00051656,0,200,2,28.721,7,7
3,0.00051656,1,200,3,28.721,0,0
3,9.0058e-05,2,200,2,0.53809,9,9
3,9.0058e-05,3,200,1,0.53809,3,3
3,2.6307e-05,4,200,2,2.8486,5,5
3,2.6307e-05,5,200,1,2.8486,1,1
