"Cell Type","Cost","MatchingID","MatchingPercentMatch","MatchingType","MeanMatchedPersistence","tree1NodeId","tree2NodeId"
3,0.0035821,0,200,2,28.702,7,7
3,0.0035821,1,200,3,28.702,0,0
3,0.0006245,2,200,2,0.77031,5,9
3,0.0006245,3,200,1,0.77031,1,3
3,0.00018243,4,200,2,2.7396,9,5
3,0.00018243,5,200,1,2.7396,3,1
