"Cell Type","Cost","MatchingID","MatchingPercentMatch","MatchingType","MeanMatchedPersistence","tree1NodeId","tree2NodeId"
3,0.0039541,0,200,2,28.7,7,7
3,0.0039541,1,200,3,28.7,0,0
3,0.00068934,2,200,2,0.78924,5,9
3,0.00068934,3,200,1,0.78924,1,3
3,0.00020137,4,200,2,2.7307,9,5
3,0.00020137,5,200,1,2.7307,3,1
