"Cell Type","Cost","MatchingID","MatchingPercentMatch","MatchingType","MeanMatchedPersistence","tree1NodeId","tree2NodeId"
3,0.00035872,0,200,2,28.722,7,7
3,0.00035872,1,200,3,28.722,0,0
3,6.2539e-05,2,200,2,0.51436,9,9
3,6.2539e-05,3,200,1,0.51436,3,3
3,1.8269e-05,4,200,2,2.8597,5,5
3,1.8269e-05,5,200,1,2.8597,1,1
