"Cell Type","Cost","MatchingID","MatchingPercentMatch","MatchingType","MeanMatchedPersistence","tree1NodeId","tree2NodeId"
3,0.001998,0,200,2,28.678,7,7
3,0.001998,1,200,3,28.678,0,0
3,0.00034832,2,200,2,1.0643,9,5
3,0.00034832,3,200,1,1.0643,3,1
3,0.00010175,4,200,2,2.6016,5,9
3,0.00010175,5,200,1,2.6016,1,3
