"Cell Type","Cost","MatchingID","MatchingPercentMatch","MatchingType","MeanMatchedPersistence","tree1NodeId","tree2NodeId"
3,0.0021357,0,200,2,28.679,7,7
3,0.0021357,1,200,3,28.679,0,0
3,0.00037234,2,200,2,1.0548,9,5
3,0.00037234,3,200,1,1.0548,3,1
3,0.00010877,4,200,2,2.6061,5,9
3,0.00010877,5,200,1,2.6061,1,3
