"Cell Type","Cost","MatchingID","MatchingPercentMatch","MatchingType","MeanMatchedPersistence","tree1NodeId","tree2NodeId"
3,0.0029753,0,200,2,28.683,7,7
3,0.0029753,1,200,3,28.683,0,0
3,0.00051873,2,200,2,1.0026,9,5
3,0.00051873,3,200,1,1.0026,3,1
3,0.00015153,4,200,2,2.6305,5,9
3,0.00015153,5,200,1,2.6305,1,3
