"Cell Type","Cost","MatchingID","MatchingPercentMatch","MatchingType","MeanMatchedPersistence","tree1NodeId","tree2NodeId"
3,0.00062508,0,200,2,28.669,7,7
3,0.00062508,1,200,3,28.669,0,0
3,0.00010897,2,200,2,1.1875,9,5
3,0.00010897,3,200,1,1.1875,3,1
3,3.1832e-05,4,200,2,2.5438,5,9
3,3.1832e-05,5,200,1,2.5438,1,3
