"Cell Type","Cost","MatchingID","MatchingPercentMatch","MatchingType","MeanMatchedPersistence","tree1NodeId","tree2NodeId"
3,0.0040499,0,200,2,28.688,7,7
3,0.0040499,1,200,3,28.688,0,0
3,0.00070605,2,200,2,0.94566,9,5
3,0.00070605,3,200,1,0.94566,3,1
3,0.00020625,4,200,2,2.6573,5,9
3,0.00020625,5,200,1,2.6573,1,3
