"Cell Type","Cost","MatchingID","MatchingPercentMatch","MatchingType","MeanMatchedPersistence","tree1NodeId","tree2NodeId"
3,0.0028933,0,200,2,28.683,7,7
3,0.0028933,1,200,3,28.683,0,0
3,0.00050442,2,200,2,1.0074,9,5
3,0.00050442,3,200,1,1.0074,3,1
3,0.00014735,4,200,2,2.6283,5,9
3,0.00014735,5,200,1,2.6283,1,3
