"Cell Type","Cost","MatchingID","MatchingPercentMatch","MatchingType","MeanMatchedPersistence","tree1NodeId","tree2NodeId"
3,0.0035821,0,200,2,28.686,7,7
3,0.0035821,1,200,3,28.686,0,0
3,0.0006245,2,200,2,0.96941,9,5
3,0.0006245,3,200,1,0.96941,3,1
3,0.00018243,4,200,2,2.6461,5,9
3,0.00018243,5,200,1,2.6461,1,3
