"Cell Type","Cost","MatchingID","MatchingPercentMatch","MatchingType","MeanMatchedPersistence","tree1NodeId","tree2NodeId"
3,0.0052895,0,200,2,28.692,7,7
3,0.0052895,1,200,3,28.692,0,0
3,0.00092219,2,200,2,0.88866,9,5
3,0.00092219,3,200,1,0.88866,3,1
3,0.00026939,4,200,2,2.684,5,9
3,0.00026939,5,200,1,2.684,1,3
