"Cell Type","Cost","MatchingID","MatchingPercentMatch","MatchingType","MeanMatchedPersistence","tree1NodeId","tree2NodeId"
3,0.0036733,0,200,2,28.686,7,7
3,0.0036733,1,200,3,28.686,0,0
3,0.00064041,2,200,2,0.96466,9,5
3,0.00064041,3,200,1,0.96466,3,1
3,0.00018707,4,200,2,2.6484,5,9
3,0.00018707,5,200,1,2.6484,1,3
