"Cell Type","Cost","MatchingID","MatchingPercentMatch","MatchingType","MeanMatchedPersistence","tree1NodeId","tree2NodeId"
3,0.00014692,0,200,2,28.662,7,7
3,0.00014692,1,200,3,28.662,0,0
3,2.5616e-05,2,200,2,1.268,5,5
3,2.5616e-05,3,200,1,1.268,1,1
3,7.4828e-06,4,200,2,2.506,9,9
3,7.4828e-06,5,200,1,2.506,3,3
