"Cell Type","Cost","MatchingID","MatchingPercentMatch","MatchingType","MeanMatchedPersistence","tree1NodeId","tree2NodeId"
3,0.0048579,0,200,2,28.691,7,7
3,0.0048579,1,200,3,28.691,0,0
3,0.00084694,2,200,2,0.90766,9,5
3,0.00084694,3,200,1,0.90766,3,1
3,0.0002474,4,200,2,2.6751,5,9
3,0.0002474,5,200,1,2.6751,1,3
