"Cell Type","Cost","MatchingID","MatchingPercentMatch","MatchingType","MeanMatchedPersistence","tree1NodeId","tree2NodeId"
3,0.0010613,0,200,2,28.672,7,7
3,0.0010613,1,200,3,28.672,0,0
3,0.00018502,2,200,2,1.1402,9,5
3,0.00018502,3,200,1,1.1402,3,1
3,5.4047e-05,4,200,2,2.566,5,9
3,5.4047e-05,5,200,1,2.566,1,3
