"Cell Type","Cost","MatchingID","MatchingPercentMatch","MatchingType","MeanMatchedPersistence","tree1NodeId","tree2NodeId"
3,0.00055155,0,200,2,28.668,7,7
3,0.00055155,1,200,3,28.668,0,0
3,9.6161e-05,2,200,2,1.197,5,5
3,9.6161e-05,3,200,1,1.197,1,1
3,2.809e-05,4,200,2,2.5393,9,9
3,2.809e-05,5,200,1,2.5393,3,3
