"Cell Type","Cost","MatchingID","MatchingPercentMatch","MatchingType","MeanMatchedPersistence","tree1NodeId","tree2NodeId"
3,0.0002531,0,200,2,28.664,7,7
3,0.0002531,1,200,3,28.664,0,0
3,4.4128e-05,2,200,2,1.2443,5,5
3,4.4128e-05,3,200,1,1.2443,1,1
3,1.2891e-05,4,200,2,2.5171,9,9
3,1.2891e-05,5,200,1,2.5171,3,3
