"Cell Type","Cost","MatchingID","MatchingPercentMatch","MatchingType","MeanMatchedPersistence","tree1NodeId","tree2NodeId"
3,0.00035872,0,200,2,28.666,7,7
3,0.00035872,1,200,3,28.666,0,0
3,6.254e-05,2,200,2,1.2254,5,5
3,6.254e-05,3,200,1,1.2254,1,1
3,1.8269e-05,4,200,2,2.526,9,9
3,1.8269e-05,5,200,1,2.526,3,3
