"Cell Type","Cost","MatchingID","MatchingPercentMatch","MatchingType","MeanMatchedPersistence","tree1NodeId","tree2NodeId"
3,0.00038798,0,200,2,28.666,7,7
3,0.00038798,1,200,3,28.666,0,0
3,6.7644e-05,2,200,2,1.2207,5,5
3,6.7644e-05,3,200,1,1.2207,1,1
3,1.976e-05,4,200,2,2.5282,9,9
3,1.976e-05,5,200,1,2.5282,3,3
