"Cell Type","Cost","MatchingID","MatchingPercentMatch","MatchingType","MeanMatchedPersistence","tree1NodeId","tree2NodeId"
3,0.002351,0,200,2,28.68,7,7
3,0.002351,1,200,3,28.68,0,0
3,0.00040986,2,200,2,1.0406,9,5
3,0.00040986,3,200,1,1.0406,3,1
3,0.00011973,4,200,2,2.6127,5,9
3,0.00011973,5,200,1,2.6127,1,3
