"Cell Type","Cost","MatchingID","MatchingPercentMatch","MatchingType","MeanMatchedPersistence","tree1NodeId","tree2NodeId"
3,0.0016737,0,200,2,28.677,7,7
3,0.0016737,1,200,3,28.677,0,0
3,0.00029179,2,200,2,1.088,9,5
3,0.00029179,3,200,1,1.088,3,1
3,8.5235e-05,4,200,2,2.5905,5,9
3,8.5235e-05,5,200,1,2.5905,1,3
