"Cell Type","Cost","MatchingID","MatchingPercentMatch","MatchingType","MeanMatchedPersistence","tree1NodeId","tree2NodeId"
3,0.0011112,0,200,2,28.673,7,7
3,0.0011112,1,200,3,28.673,0,0
3,0.00019372,2,200,2,1.1354,9,5
3,0.00019372,3,200,1,1.1354,3,1
3,5.659e-05,4,200,2,2.5682,5,9
3,5.659e-05,5,200,1,2.5682,1,3
