"BranchNodeID","ClusterID","CriticalType","NodeId","PercentMatchNode","Persistence","Scalar","TreeID","VertexId","isDummyNode","isImportantPair"
0,0,3,0,200,1.2957,1.2957,0,0,0,1
1,0,1,2,200,0.85454,0.85454,0,0,0,1
1,0,1,2,200,0.85454,0.85454,0,0,1,1
2,0,1,4,200,0.85431,0.85431,0,0,0,1
2,0,1,4,200,0.85431,0.85431,0,0,1,1
1,0,0,6,200,0.85454,7.0935e-07,0,36,0,1
1,0,0,6,200,0.85454,7.0935e-07,0,36,1,1
3,0,1,8,200,0.18768,0.23176,0,0,0,1
3,0,1,8,200,0.18768,0.23176,0,0,1,1
2,0,0,10,200,0.85431,6.5234e-07,0,6621,0,1
2,0,0,10,200,0.85431,6.5234e-07,0,6621,1,1
4,0,1,12,100,0.00065248,0.13327,0,5453,0,1
4,0,1,12,100,0.00065248,0.13327,0,5453,1,1
5,0,1,14,200,0.13431,0.20351,0,4115,0,1
5,0,1,14,200,0.13431,0.20351,0,4115,1,1
3,0,0,16,200,0.18768,0.044083,0,6806,0,1
3,0,0,16,200,0.18768,0.044083,0,6806,1,1
4,0,0,18,100,0.00065248,0.13262,0,6620,0,1
4,0,0,18,100,0.00065248,0.13262,0,6620,1,1
6,0,1,20,100,0.00062829,0.094228,0,5853,0,1
6,0,1,20,100,0.00062829,0.094228,0,5853,1,1
7,0,1,22,100,0.036567,0.18019,0,5466,0,1
7,0,1,22,100,0.036567,0.18019,0,5466,1,1
5,0,0,24,200,0.13431,0.0692,0,5855,0,1
5,0,0,24,200,0.13431,0.0692,0,5855,1,1
6,0,0,26,100,0.00062829,0.0936,0,5462,0,1
6,0,0,26,100,0.00062829,0.0936,0,5462,1,1
8,0,1,28,200,0.04829,0.17653,0,4285,0,1
8,0,1,28,200,0.04829,0.17653,0,4285,1,1
7,0,0,30,100,0.036567,0.14362,0,5659,0,1
7,0,0,30,100,0.036567,0.14362,0,5659,1,1
9,0,1,32,200,0.098833,0.17514,0,7932,0,1
9,0,1,32,200,0.098833,0.17514,0,7932,1,1
8,0,0,34,200,0.04829,0.12824,0,6241,0,1
8,0,0,34,200,0.04829,0.12824,0,6241,1,1
10,0,1,36,100,0.025953,0.17251,0,6621,0,1
10,0,1,36,100,0.025953,0.17251,0,6621,1,1
9,0,0,38,200,0.098833,0.076312,0,12109,0,1
9,0,0,38,200,0.098833,0.076312,0,12109,1,1
11,0,-1,40,0,0.00059981,0.052436,0,-1,0,1
11,0,-1,40,0,0.00059981,0.052436,0,-1,1,1
10,0,0,42,100,0.025953,0.14655,0,6620,0,1
10,0,0,42,100,0.025953,0.14655,0,6620,1,1
12,0,1,44,100,0.00064982,0.052182,0,5856,0,1
12,0,1,44,100,0.00064982,0.052182,0,5856,1,1
11,0,-1,46,0,0.00059981,0.051836,0,-1,0,1
11,0,-1,46,0,0.00059981,0.051836,0,-1,1,1
0,0,0,48,200,1.2957,0,0,5659,0,1
0,0,0,48,200,1.2957,0,0,5659,1,1
12,0,0,50,100,0.00064982,0.051532,0,5466,0,1
12,0,0,50,100,0.00064982,0.051532,0,5466,1,1
