"BranchNodeID","ClusterID","CriticalType","NodeId","PercentMatchNode","Persistence","Scalar","TreeID","VertexId","isDummyNode","isImportantPair"
0,0,3,0,200,1.2904,1.2904,0,0,0,1
1,0,1,2,200,0.85328,0.85328,0,0,0,1
1,0,1,2,200,0.85328,0.85328,0,0,1,1
2,0,1,4,200,0.85326,0.85326,0,0,0,1
2,0,1,4,200,0.85326,0.85326,0,0,1,1
1,0,0,6,200,0.85328,4.5534e-07,0,36,0,1
1,0,0,6,200,0.85328,4.5534e-07,0,36,1,1
3,0,1,8,200,0.17909,0.21215,0,0,0,1
3,0,1,8,200,0.17909,0.21215,0,0,1,1
2,0,0,10,200,0.85326,4.6156e-07,0,6621,0,1
2,0,0,10,200,0.85326,4.6156e-07,0,6621,1,1
4,0,1,12,100,0.024905,0.13031,0,5453,0,1
4,0,1,12,100,0.024905,0.13031,0,5453,1,1
5,0,1,14,200,0.11604,0.20053,0,4115,0,1
5,0,1,14,200,0.11604,0.20053,0,4115,1,1
3,0,0,16,200,0.17909,0.033056,0,6806,0,1
3,0,0,16,200,0.17909,0.033056,0,6806,1,1
4,0,0,18,100,0.024905,0.1054,0,6620,0,1
4,0,0,18,100,0.024905,0.1054,0,6620,1,1
6,0,1,20,100,0.021714,0.1167,0,5853,0,1
6,0,1,20,100,0.021714,0.1167,0,5853,1,1
7,0,1,22,200,0.052348,0.18298,0,4285,0,1
7,0,1,22,200,0.052348,0.18298,0,4285,1,1
5,0,0,24,200,0.11604,0.08449,0,5855,0,1
5,0,0,24,200,0.11604,0.08449,0,5855,1,1
6,0,0,26,100,0.021714,0.094986,0,5462,0,1
6,0,0,26,100,0.021714,0.094986,0,5462,1,1
8,0,1,28,200,0.099258,0.17944,0,7932,0,1
8,0,1,28,200,0.099258,0.17944,0,7932,1,1
7,0,0,30,200,0.052348,0.13063,0,6241,0,1
7,0,0,30,200,0.052348,0.13063,0,6241,1,1
9,0,1,32,100,0.0074324,0.16497,0,5466,0,1
9,0,1,32,100,0.0074324,0.16497,0,5466,1,1
8,0,0,34,200,0.099258,0.080184,0,12109,0,1
8,0,0,34,200,0.099258,0.080184,0,12109,1,1
10,0,1,36,100,0.0052751,0.16152,0,6621,0,1
10,0,1,36,100,0.0052751,0.16152,0,6621,1,1
9,0,0,38,100,0.0074324,0.15754,0,5659,0,1
9,0,0,38,100,0.0074324,0.15754,0,5659,1,1
11,0,1,40,100,0.025887,0.06459,0,5856,0,1
11,0,1,40,100,0.025887,0.06459,0,5856,1,1
10,0,0,42,100,0.0052751,0.15624,0,6620,0,1
10,0,0,42,100,0.0052751,0.15624,0,6620,1,1
12,0,1,44,100,0.023895,0.063872,0,6810,0,1
12,0,1,44,100,0.023895,0.063872,0,6810,1,1
11,0,0,46,100,0.025887,0.038703,0,5466,0,1
11,0,0,46,100,0.025887,0.038703,0,5466,1,1
0,0,0,48,200,1.2904,0,0,5659,0,1
0,0,0,48,200,1.2904,0,0,5659,1,1
12,0,0,50,100,0.023895,0.039977,0,5445,0,1
12,0,0,50,100,0.023895,0.039977,0,5445,1,1
