"BranchNodeID","ClusterID","CriticalType","NodeId","PercentMatchNode","Persistence","Scalar","TreeID","VertexId","isDummyNode","isImportantPair"
0,0,3,0,200,1.2916,1.2916,0,0,0,1
1,0,1,2,200,0.85358,0.85358,0,0,0,1
1,0,1,2,200,0.85358,0.85358,0,0,1,1
2,0,1,4,200,0.85351,0.85351,0,0,0,1
2,0,1,4,200,0.85351,0.85351,0,0,1,1
1,0,0,6,200,0.85358,5.1377e-07,0,36,0,1
1,0,0,6,200,0.85358,5.1377e-07,0,36,1,1
3,0,1,8,200,0.18107,0.21666,0,0,0,1
3,0,1,8,200,0.18107,0.21666,0,0,1,1
2,0,0,10,200,0.85351,5.0545e-07,0,6621,0,1
2,0,0,10,200,0.85351,5.0545e-07,0,6621,1,1
4,0,1,12,100,0.019515,0.13108,0,5453,0,1
4,0,1,12,100,0.019515,0.13108,0,5453,1,1
5,0,1,14,200,0.12025,0.20122,0,4115,0,1
5,0,1,14,200,0.12025,0.20122,0,4115,1,1
3,0,0,16,200,0.18107,0.035592,0,6806,0,1
3,0,0,16,200,0.18107,0.035592,0,6806,1,1
4,0,0,18,100,0.019515,0.11157,0,6620,0,1
4,0,0,18,100,0.019515,0.11157,0,6620,1,1
6,0,1,20,100,0.017437,0.11182,0,5853,0,1
6,0,1,20,100,0.017437,0.11182,0,5853,1,1
7,0,1,22,200,0.051415,0.1815,0,4285,0,1
7,0,1,22,200,0.051415,0.1815,0,4285,1,1
5,0,0,24,200,0.12025,0.080973,0,5855,0,1
5,0,0,24,200,0.12025,0.080973,0,5855,1,1
6,0,0,26,100,0.017437,0.09438,0,5462,0,1
6,0,0,26,100,0.017437,0.09438,0,5462,1,1
8,0,1,28,200,0.09916,0.17845,0,7932,0,1
8,0,1,28,200,0.09916,0.17845,0,7932,1,1
7,0,0,30,200,0.051415,0.13008,0,6241,0,1
7,0,0,30,200,0.051415,0.13008,0,6241,1,1
9,0,1,32,100,0.014135,0.16847,0,5466,0,1
9,0,1,32,100,0.014135,0.16847,0,5466,1,1
8,0,0,34,200,0.09916,0.079294,0,12109,0,1
8,0,0,34,200,0.09916,0.079294,0,12109,1,1
10,0,1,36,100,0.010032,0.16405,0,6621,0,1
10,0,1,36,100,0.010032,0.16405,0,6621,1,1
9,0,0,38,100,0.014135,0.15434,0,5659,0,1
9,0,0,38,100,0.014135,0.15434,0,5659,1,1
11,0,1,40,100,0.020082,0.061736,0,5856,0,1
11,0,1,40,100,0.020082,0.061736,0,5856,1,1
10,0,0,42,100,0.010032,0.15401,0,6620,0,1
10,0,0,42,100,0.010032,0.15401,0,6620,1,1
12,0,1,44,100,0.018536,0.061241,0,6810,0,1
12,0,1,44,100,0.018536,0.061241,0,6810,1,1
11,0,0,46,100,0.020082,0.041654,0,5466,0,1
11,0,0,46,100,0.020082,0.041654,0,5466,1,1
0,0,0,48,200,1.2916,0,0,5659,0,1
0,0,0,48,200,1.2916,0,0,5659,1,1
12,0,0,50,100,0.018536,0.042705,0,5445,0,1
12,0,0,50,100,0.018536,0.042705,0,5445,1,1
