"BranchNodeID","ClusterID","CriticalType","NodeId","PercentMatchNode","Persistence","Scalar","TreeID","VertexId","isDummyNode","isImportantPair"
0,0,3,0,200,1.2913,1.2913,0,0,0,1
1,0,1,2,200,0.85349,0.8535,0,0,0,1
1,0,1,2,200,0.85349,0.8535,0,0,1,1
2,0,1,4,200,0.85344,0.85344,0,0,0,1
2,0,1,4,200,0.85344,0.85344,0,0,1,1
1,0,0,6,200,0.85349,4.9753e-07,0,36,0,1
1,0,0,6,200,0.85349,4.9753e-07,0,36,1,1
3,0,1,8,200,0.18052,0.21541,0,0,0,1
3,0,1,8,200,0.18052,0.21541,0,0,1,1
2,0,0,10,200,0.85344,4.9325e-07,0,6621,0,1
2,0,0,10,200,0.85344,4.9325e-07,0,6621,1,1
4,0,1,12,100,0.021024,0.13087,0,5453,0,1
4,0,1,12,100,0.021024,0.13087,0,5453,1,1
5,0,1,14,200,0.11908,0.20103,0,4115,0,1
5,0,1,14,200,0.11908,0.20103,0,4115,1,1
3,0,0,16,200,0.18052,0.034887,0,6806,0,1
3,0,0,16,200,0.18052,0.034887,0,6806,1,1
4,0,0,18,100,0.021024,0.10985,0,6620,0,1
4,0,0,18,100,0.021024,0.10985,0,6620,1,1
6,0,1,20,100,0.018661,0.11319,0,5853,0,1
6,0,1,20,100,0.018661,0.11319,0,5853,1,1
7,0,1,22,200,0.051674,0.18191,0,4285,0,1
7,0,1,22,200,0.051674,0.18191,0,4285,1,1
5,0,0,24,200,0.11908,0.08195,0,5855,0,1
5,0,0,24,200,0.11908,0.08195,0,5855,1,1
6,0,0,26,100,0.018661,0.094531,0,5462,0,1
6,0,0,26,100,0.018661,0.094531,0,5462,1,1
8,0,1,28,200,0.099187,0.17873,0,7932,0,1
8,0,1,28,200,0.099187,0.17873,0,7932,1,1
7,0,0,30,200,0.051674,0.13024,0,6241,0,1
7,0,0,30,200,0.051674,0.13024,0,6241,1,1
9,0,1,32,100,0.012272,0.1675,0,5466,0,1
9,0,1,32,100,0.012272,0.1675,0,5466,1,1
8,0,0,34,200,0.099187,0.079541,0,12109,0,1
8,0,0,34,200,0.099187,0.079541,0,12109,1,1
10,0,1,36,100,0.0087098,0.16334,0,6621,0,1
10,0,1,36,100,0.0087098,0.16334,0,6621,1,1
9,0,0,38,100,0.012272,0.15523,0,5659,0,1
9,0,0,38,100,0.012272,0.15523,0,5659,1,1
11,0,1,40,100,0.021695,0.062529,0,5856,0,1
11,0,1,40,100,0.021695,0.062529,0,5856,1,1
10,0,0,42,100,0.0087098,0.15463,0,6620,0,1
10,0,0,42,100,0.0087098,0.15463,0,6620,1,1
12,0,1,44,100,0.020026,0.061973,0,6810,0,1
12,0,1,44,100,0.020026,0.061973,0,6810,1,1
11,0,0,46,100,0.021695,0.040834,0,5466,0,1
11,0,0,46,100,0.021695,0.040834,0,5466,1,1
0,0,0,48,200,1.2913,0,0,5659,0,1
0,0,0,48,200,1.2913,0,0,5659,1,1
12,0,0,50,100,0.020026,0.041947,0,5445,0,1
12,0,0,50,100,0.020026,0.041947,0,5445,1,1
