"BranchNodeID","ClusterID","CriticalType","NodeId","PercentMatchNode","Persistence","Scalar","TreeID","VertexId","isDummyNode","isImportantPair"
0,0,3,0,200,1.3606,1.3606,0,0,0,1
1,0,1,2,100,0.0046335,0.88121,0,5736,0,1
1,0,1,2,100,0.0046335,0.88121,0,5736,1,1
2,0,1,4,200,0.066361,0.83669,0,0,0,1
2,0,1,4,200,0.066361,0.83669,0,0,1,1
1,0,0,6,100,0.0046335,0.87658,0,6897,0,1
1,0,0,6,100,0.0046335,0.87658,0,6897,1,1
3,0,1,8,200,0.80304,0.80304,0,8544,0,1
3,0,1,8,200,0.80304,0.80304,0,8544,1,1
2,0,0,10,200,0.066361,0.77033,0,5066,0,1
2,0,0,10,200,0.066361,0.77033,0,5066,1,1
4,0,1,12,200,0.78334,0.78335,0,4285,0,1
4,0,1,12,200,0.78334,0.78335,0,4285,1,1
3,0,0,14,200,0.80304,7.2548e-06,0,5258,0,1
3,0,0,14,200,0.80304,7.2548e-06,0,5258,1,1
5,0,1,16,100,0.12319,0.75937,0,5736,0,1
5,0,1,16,100,0.12319,0.75937,0,5736,1,1
4,0,0,18,200,0.78334,1.5888e-05,0,189,0,1
4,0,0,18,200,0.78334,1.5888e-05,0,189,1,1
6,0,1,20,100,0.15783,0.44162,0,8375,0,1
6,0,1,20,100,0.15783,0.44162,0,8375,1,1
5,0,0,22,100,0.12319,0.63618,0,6897,0,1
5,0,0,22,100,0.12319,0.63618,0,6897,1,1
7,0,1,24,200,0.23759,0.27503,0,6668,0,1
7,0,1,24,200,0.23759,0.27503,0,6668,1,1
6,0,0,26,100,0.15783,0.28379,0,5333,0,1
6,0,0,26,100,0.15783,0.28379,0,5333,1,1
8,0,1,28,200,0.13398,0.2265,0,7001,0,1
8,0,1,28,200,0.13398,0.2265,0,7001,1,1
7,0,0,30,200,0.23759,0.037449,0,5461,0,1
7,0,0,30,200,0.23759,0.037449,0,5461,1,1
9,0,1,32,200,0.056878,0.085877,0,5482,0,1
9,0,1,32,200,0.056878,0.085877,0,5482,1,1
8,0,0,34,200,0.13398,0.092519,0,12096,0,1
8,0,0,34,200,0.13398,0.092519,0,12096,1,1
10,0,1,36,200,0.05808,0.067187,0,5453,0,1
10,0,1,36,200,0.05808,0.067187,0,5453,1,1
9,0,0,38,200,0.056878,0.028998,0,6245,0,1
9,0,0,38,200,0.056878,0.028998,0,6245,1,1
0,0,0,40,200,1.3606,0,0,5445,0,1
0,0,0,40,200,1.3606,0,0,5445,1,1
10,0,0,42,200,0.05808,0.0091079,0,5097,0,1
10,0,0,42,200,0.05808,0.0091079,0,5097,1,1
