"BranchNodeID","ClusterID","CriticalType","NodeId","PercentMatchNode","Persistence","Scalar","TreeID","VertexId","isDummyNode","isImportantPair"
0,0,3,0,200,1.3459,1.3459,0,0,0,1
1,0,1,2,100,0.021608,0.88019,0,5736,0,1
1,0,1,2,100,0.021608,0.88019,0,5736,1,1
2,0,1,4,200,0.83598,0.83598,0,8544,0,1
2,0,1,4,200,0.83598,0.83598,0,8544,1,1
1,0,0,6,100,0.021608,0.85858,0,6897,0,1
1,0,0,6,100,0.021608,0.85858,0,6897,1,1
3,0,1,8,200,0.054595,0.82319,0,0,0,1
3,0,1,8,200,0.054595,0.82319,0,0,1,1
2,0,0,10,200,0.83598,4.5801e-06,0,5258,0,1
2,0,0,10,200,0.83598,4.5801e-06,0,5258,1,1
4,0,1,12,200,0.80255,0.80257,0,4285,0,1
4,0,1,12,200,0.80255,0.80257,0,4285,1,1
3,0,0,14,200,0.054595,0.7686,0,5066,0,1
3,0,0,14,200,0.054595,0.7686,0,5066,1,1
5,0,1,16,100,0.048177,0.71432,0,5736,0,1
5,0,1,16,100,0.048177,0.71432,0,5736,1,1
4,0,0,18,200,0.80255,1.4091e-05,0,189,0,1
4,0,0,18,200,0.80255,1.4091e-05,0,189,1,1
6,0,1,20,100,0.061724,0.38965,0,8375,0,1
6,0,1,20,100,0.061724,0.38965,0,8375,1,1
5,0,0,22,100,0.048177,0.66614,0,6897,0,1
5,0,0,22,100,0.048177,0.66614,0,6897,1,1
7,0,1,24,200,0.19192,0.23022,0,6668,0,1
7,0,1,24,200,0.19192,0.23022,0,6668,1,1
6,0,0,26,100,0.061724,0.32792,0,5333,0,1
6,0,0,26,100,0.061724,0.32792,0,5333,1,1
8,0,1,28,200,0.12164,0.20873,0,7001,0,1
8,0,1,28,200,0.12164,0.20873,0,7001,1,1
7,0,0,30,200,0.19192,0.0383,0,5461,0,1
7,0,0,30,200,0.19192,0.0383,0,5461,1,1
9,0,1,32,200,0.10023,0.12439,0,5482,0,1
9,0,1,32,200,0.10023,0.12439,0,5482,1,1
8,0,0,34,200,0.12164,0.087093,0,12096,0,1
8,0,0,34,200,0.12164,0.087093,0,12096,1,1
10,0,1,36,200,0.054416,0.073958,0,5453,0,1
10,0,1,36,200,0.054416,0.073958,0,5453,1,1
9,0,0,38,200,0.10023,0.024159,0,6245,0,1
9,0,0,38,200,0.10023,0.024159,0,6245,1,1
0,0,0,40,200,1.3459,0,0,5445,0,1
0,0,0,40,200,1.3459,0,0,5445,1,1
10,0,0,42,200,0.054416,0.019542,0,5097,0,1
10,0,0,42,200,0.054416,0.019542,0,5097,1,1
