"Cell Type","Cost","MatchingID","MatchingPercentMatch","MatchingType","MeanMatchedPersistence","tree1NodeId","tree2NodeId"
3,3.1522e-08,0,200,2,1.2851,15,15
3,3.1522e-08,1,200,3,1.2851,0,0
3,0.00041239,2,200,2,0.078372,13,13
3,0.00041239,3,200,1,0.078372,7,7
3,1.3538e-06,4,200,2,0.84738,5,5
3,1.3538e-06,5,200,1,0.84738,1,1
3,4.5998e-05,6,200,2,0.07335,17,17
3,4.5998e-05,7,200,1,0.07335,11,11
3,6.0732e-06,8,200,2,0.84479,9,9
3,6.0732e-06,9,200,1,0.84479,3,3
