"Cell Type","Cost","MatchingID","MatchingPercentMatch","MatchingType","MeanMatchedPersistence","tree1NodeId","tree2NodeId"
3,1.4019e-08,0,200,2,1.285,15,15
3,1.4019e-08,1,200,3,1.285,0,0
3,0.00018328,2,200,2,0.084501,13,13
3,0.00018328,3,200,1,0.084501,7,7
3,6.0166e-07,4,200,2,0.84721,5,5
3,6.0166e-07,5,200,1,0.84721,1,1
3,2.0444e-05,6,200,2,0.075133,17,17
3,2.0444e-05,7,200,1,0.075133,11,11
3,2.6991e-06,8,200,2,0.8453,9,9
3,2.6991e-06,9,200,1,0.8453,3,3
