"Cell Type","Cost","MatchingID","MatchingPercentMatch","MatchingType","MeanMatchedPersistence","tree1NodeId","tree2NodeId"
3,5.3179e-08,0,200,2,1.2851,15,15
3,5.3179e-08,1,200,3,1.2851,0,0
3,0.00069507,2,200,2,0.072888,13,13
3,0.00069507,3,200,1,0.072888,7,7
3,2.2817e-06,4,200,2,0.84753,5,5
3,2.2817e-06,5,200,1,0.84753,1,1
3,7.7529e-05,6,200,2,0.071754,17,17
3,7.7529e-05,7,200,1,0.071754,11,11
3,1.0236e-05,8,200,2,0.84433,9,9
3,1.0236e-05,9,200,1,0.84433,3,3
