"Cell Type","Cost","MatchingID","MatchingPercentMatch","MatchingType","MeanMatchedPersistence","tree1NodeId","tree2NodeId"
3,9.3249e-08,0,200,2,1.2851,15,15
3,9.3249e-08,1,200,3,1.2851,0,0
3,0.001219,2,200,2,0.065146,17,13
3,0.001219,3,200,1,0.065146,11,7
3,4.002e-06,4,200,2,0.84775,5,5
3,4.002e-06,5,200,1,0.84775,1,1
3,0.00013597,6,200,2,0.069501,13,17
3,0.00013597,7,200,1,0.069501,7,11
3,1.7951e-05,8,200,2,0.84369,9,9
3,1.7951e-05,9,200,1,0.84369,3,3
