"Cell Type","Cost","MatchingID","MatchingPercentMatch","MatchingType","MeanMatchedPersistence","tree1NodeId","tree2NodeId"
3,8.3954e-08,0,200,2,1.2851,15,15
3,8.3954e-08,1,200,3,1.2851,0,0
3,0.0010978,2,200,2,0.066759,17,13
3,0.0010978,3,200,1,0.066759,11,7
3,3.6042e-06,4,200,2,0.84771,5,5
3,3.6042e-06,5,200,1,0.84771,1,1
3,0.00012245,6,200,2,0.06997,13,17
3,0.00012245,7,200,1,0.06997,7,11
3,1.6167e-05,8,200,2,0.84382,9,9
3,1.6167e-05,9,200,1,0.84382,3,3
