"Cell Type","Cost","MatchingID","MatchingPercentMatch","MatchingType","MeanMatchedPersistence","tree1NodeId","tree2NodeId"
3,3.1407e-09,0,200,2,1.285,15,15
3,3.1407e-09,1,200,3,1.285,0,0
3,4.1124e-05,2,200,2,0.090952,13,13
3,4.1124e-05,3,200,1,0.090952,7,7
3,1.3497e-07,4,200,2,0.84703,5,5
3,1.3497e-07,5,200,1,0.84703,1,1
3,4.5871e-06,6,200,2,0.07701,17,17
3,4.5871e-06,7,200,1,0.07701,11,11
3,6.057e-07,8,200,2,0.84584,9,9
3,6.057e-07,9,200,1,0.84584,3,3
