"Cell Type","Cost","MatchingID","MatchingPercentMatch","MatchingType","MeanMatchedPersistence","tree1NodeId","tree2NodeId"
3,2.1847e-09,0,200,2,1.285,15,15
3,2.1847e-09,1,200,3,1.285,0,0
3,2.8559e-05,2,200,2,0.091919,13,13
3,2.8559e-05,3,200,1,0.091919,7,7
3,9.3728e-08,4,200,2,0.847,5,5
3,9.3728e-08,5,200,1,0.847,1,1
3,3.1854e-06,6,200,2,0.077292,17,17
3,3.1854e-06,7,200,1,0.077292,11,11
3,4.2056e-07,8,200,2,0.84592,9,9
3,4.2056e-07,9,200,1,0.84592,3,3
