"Cell Type","Cost","MatchingID","MatchingPercentMatch","MatchingType","MeanMatchedPersistence","tree1NodeId","tree2NodeId"
3,6.5549e-09,0,200,2,1.285,15,15
3,6.5549e-09,1,200,3,1.285,0,0
3,8.5803e-05,2,200,2,0.088371,13,13
3,8.5803e-05,3,200,1,0.088371,7,7
3,2.8168e-07,4,200,2,0.8471,5,5
3,2.8168e-07,5,200,1,0.8471,1,1
3,9.5705e-06,6,200,2,0.07626,17,17
3,9.5705e-06,7,200,1,0.07626,11,11
3,1.2637e-06,8,200,2,0.84562,9,9
3,1.2637e-06,9,200,1,0.84562,3,3
