"Cell Type","Cost","MatchingID","MatchingPercentMatch","MatchingType","MeanMatchedPersistence","tree1NodeId","tree2NodeId"
3,1.2589e-08,0,200,2,1.285,15,15
3,1.2589e-08,1,200,3,1.285,0,0
3,0.0001645,2,200,2,0.085146,13,13
3,0.0001645,3,200,1,0.085146,7,7
3,5.4004e-07,4,200,2,0.84719,5,5
3,5.4004e-07,5,200,1,0.84719,1,1
3,1.8348e-05,6,200,2,0.075321,17,17
3,1.8348e-05,7,200,1,0.075321,11,11
3,2.4226e-06,8,200,2,0.84536,9,9
3,2.4226e-06,9,200,1,0.84536,3,3
