"Cell Type","Cost","MatchingID","MatchingPercentMatch","MatchingType","MeanMatchedPersistence","tree1NodeId","tree2NodeId"
3,2.5263e-08,0,200,2,1.2851,15,15
3,2.5263e-08,1,200,3,1.2851,0,0
3,0.00033014,2,200,2,0.080308,13,13
3,0.00033014,3,200,1,0.080308,7,7
3,1.084e-06,4,200,2,0.84732,5,5
3,1.084e-06,5,200,1,0.84732,1,1
3,3.6824e-05,6,200,2,0.073913,17,17
3,3.6824e-05,7,200,1,0.073913,11,11
3,4.8619e-06,8,200,2,0.84495,9,9
3,4.8619e-06,9,200,1,0.84495,3,3
