"Cell Type","Cost","MatchingID","MatchingPercentMatch","MatchingType","MeanMatchedPersistence","tree1NodeId","tree2NodeId"
3,1.0564e-08,0,200,2,1.285,15,15
3,1.0564e-08,1,200,3,1.285,0,0
3,0.00013822,2,200,2,0.086114,13,13
3,0.00013822,3,200,1,0.086114,7,7
3,4.538e-07,4,200,2,0.84716,5,5
3,4.538e-07,5,200,1,0.84716,1,1
3,1.5418e-05,6,200,2,0.075603,17,17
3,1.5418e-05,7,200,1,0.075603,11,11
3,2.0355e-06,8,200,2,0.84544,9,9
3,2.0355e-06,9,200,1,0.84544,3,3
