"Cell Type","Cost","MatchingID","MatchingPercentMatch","MatchingType","MeanMatchedPersistence","tree1NodeId","tree2NodeId"
3,5.4618e-08,0,200,2,1.2851,15,15
3,5.4618e-08,1,200,3,1.2851,0,0
3,0.00071397,2,200,2,0.072566,13,13
3,0.00071397,3,200,1,0.072566,7,7
3,2.3439e-06,4,200,2,0.84754,5,5
3,2.3439e-06,5,200,1,0.84754,1,1
3,7.9638e-05,6,200,2,0.07166,17,17
3,7.9638e-05,7,200,1,0.07166,11,11
3,1.0514e-05,8,200,2,0.84431,9,9
3,1.0514e-05,9,200,1,0.84431,3,3
