"Cell Type","Cost","MatchingID","MatchingPercentMatch","MatchingType","MeanMatchedPersistence","tree1NodeId","tree2NodeId"
3,6.0568e-08,0,200,2,1.2851,15,15
3,6.0568e-08,1,200,3,1.2851,0,0
3,0.00079217,2,200,2,0.071275,13,13
3,0.00079217,3,200,1,0.071275,7,7
3,2.6007e-06,4,200,2,0.84758,5,5
3,2.6007e-06,5,200,1,0.84758,1,1
3,8.836e-05,6,200,2,0.071285,17,17
3,8.836e-05,7,200,1,0.071285,11,11
3,1.1666e-05,8,200,2,0.8442,9,9
3,1.1666e-05,9,200,1,0.8442,3,3
