"Cell Type","Cost","MatchingID","MatchingPercentMatch","MatchingType","MeanMatchedPersistence","tree1NodeId","tree2NodeId"
3,6.8501e-08,0,200,2,1.2851,15,15
3,6.8501e-08,1,200,3,1.2851,0,0
3,0.00089561,2,200,2,0.069662,17,13
3,0.00089561,3,200,1,0.069662,11,7
3,2.9403e-06,4,200,2,0.84762,5,5
3,2.9403e-06,5,200,1,0.84762,1,1
3,9.9899e-05,6,200,2,0.070815,13,17
3,9.9899e-05,7,200,1,0.070815,7,11
3,1.3189e-05,8,200,2,0.84406,9,9
3,1.3189e-05,9,200,1,0.84406,3,3
