"Cell Type","Cost","MatchingID","MatchingPercentMatch","MatchingType","MeanMatchedPersistence","tree1NodeId","tree2NodeId"
3,3.4956e-08,0,200,2,1.2851,15,15
3,3.4956e-08,1,200,3,1.2851,0,0
3,0.00045694,2,200,2,0.077405,13,13
3,0.00045694,3,200,1,0.077405,7,7
3,1.5001e-06,4,200,2,0.84741,5,5
3,1.5001e-06,5,200,1,0.84741,1,1
3,5.0969e-05,6,200,2,0.073068,17,17
3,5.0969e-05,7,200,1,0.073068,11,11
3,6.7292e-06,8,200,2,0.84471,9,9
3,6.7292e-06,9,200,1,0.84471,3,3
