"Cell Type","Cost","MatchingID","MatchingPercentMatch","MatchingType","MeanMatchedPersistence","tree1NodeId","tree2NodeId"
3,1.9045e-09,0,200,2,1.285,15,15
3,1.9045e-09,1,200,3,1.285,0,0
3,2.4878e-05,2,200,2,0.092242,13,13
3,2.4878e-05,3,200,1,0.092242,7,7
3,8.1687e-08,4,200,2,0.84699,5,5
3,8.1687e-08,5,200,1,0.84699,1,1
3,2.7748e-06,6,200,2,0.077386,17,17
3,2.7748e-06,7,200,1,0.077386,11,11
3,3.6638e-07,8,200,2,0.84595,9,9
3,3.6638e-07,9,200,1,0.84595,3,3
