"Cell Type","Cost","MatchingID","MatchingPercentMatch","MatchingType","MeanMatchedPersistence","tree1NodeId","tree2NodeId"
3,4.2306e-08,0,200,2,1.2851,15,15
3,4.2306e-08,1,200,3,1.2851,0,0
3,0.0005529,2,200,2,0.075469,13,13
3,0.0005529,3,200,1,0.075469,7,7
3,1.8151e-06,4,200,2,0.84746,5,5
3,1.8151e-06,5,200,1,0.84746,1,1
3,6.1671e-05,6,200,2,0.072505,17,17
3,6.1671e-05,7,200,1,0.072505,11,11
3,8.1424e-06,8,200,2,0.84455,9,9
3,8.1424e-06,9,200,1,0.84455,3,3
