"Cell Type","Cost","MatchingID","MatchingPercentMatch","MatchingType","MeanMatchedPersistence","tree1NodeId","tree2NodeId"
3,3.3806e-08,0,200,2,1.2851,15,15
3,3.3806e-08,1,200,3,1.2851,0,0
3,0.00044184,2,200,2,0.077727,13,13
3,0.00044184,3,200,1,0.077727,7,7
3,1.4505e-06,4,200,2,0.8474,5,5
3,1.4505e-06,5,200,1,0.8474,1,1
3,4.9284e-05,6,200,2,0.073162,17,17
3,4.9284e-05,7,200,1,0.073162,11,11
3,6.5069e-06,8,200,2,0.84474,9,9
3,6.5069e-06,9,200,1,0.84474,3,3
