"Cell Type","Cost","MatchingID","MatchingPercentMatch","MatchingType","MeanMatchedPersistence","tree1NodeId","tree2NodeId"
3,3.8445e-11,0,200,2,1.285,15,15
3,3.8445e-11,1,200,3,1.285,0,0
3,5.0766e-07,2,200,2,0.096111,13,13
3,5.0766e-07,3,200,1,0.096111,7,7
3,1.6687e-09,4,200,2,0.84688,5,5
3,1.6687e-09,5,200,1,0.84688,1,1
3,5.6622e-08,6,200,2,0.078512,17,17
3,5.6622e-08,7,200,1,0.078512,11,11
3,7.4904e-09,8,200,2,0.84627,9,9
3,7.4904e-09,9,200,1,0.84627,3,3
