"Cell Type","Cost","MatchingID","MatchingPercentMatch","MatchingType","MeanMatchedPersistence","tree1NodeId","tree2NodeId"
3,8.0399e-08,0,200,2,1.2851,15,15
3,8.0399e-08,1,200,3,1.2851,0,0
3,0.0010511,2,200,2,0.067404,17,13
3,0.0010511,3,200,1,0.067404,11,7
3,3.4506e-06,4,200,2,0.84769,5,5
3,3.4506e-06,5,200,1,0.84769,1,1
3,0.00011724,6,200,2,0.070158,13,17
3,0.00011724,7,200,1,0.070158,7,11
3,1.5479e-05,8,200,2,0.84388,9,9
3,1.5479e-05,9,200,1,0.84388,3,3
