"Cell Type","Cost","MatchingID","MatchingPercentMatch","MatchingType","MeanMatchedPersistence","tree1NodeId","tree2NodeId"
3,8.65e-11,0,200,2,1.285,15,15
3,8.65e-11,1,200,3,1.285,0,0
3,1.1423e-06,2,200,2,0.095789,13,13
3,1.1423e-06,3,200,1,0.095789,7,7
3,3.7498e-09,4,200,2,0.84689,5,5
3,3.7498e-09,5,200,1,0.84689,1,1
3,1.2741e-07,6,200,2,0.078418,17,17
3,1.2741e-07,7,200,1,0.078418,11,11
3,1.6853e-08,8,200,2,0.84624,9,9
3,1.6853e-08,9,200,1,0.84624,3,3
