"Cell Type","Cost","MatchingID","MatchingPercentMatch","MatchingType","MeanMatchedPersistence","tree1NodeId","tree2NodeId"
3,9.6112e-12,0,200,2,1.285,15,15
3,9.6112e-12,1,200,3,1.285,0,0
3,1.2687e-07,2,200,2,0.096434,13,13
3,1.2687e-07,3,200,1,0.096434,7,7
3,4.1602e-10,4,200,2,0.84687,5,5
3,4.1602e-10,5,200,1,0.84687,1,1
3,1.4142e-08,6,200,2,0.078606,17,17
3,1.4142e-08,7,200,1,0.078606,11,11
3,1.8726e-09,8,200,2,0.8463,9,9
3,1.8726e-09,9,200,1,0.8463,3,3
