"Cell Type","Cost","MatchingID","MatchingPercentMatch","MatchingType","MeanMatchedPersistence","tree1NodeId","tree2NodeId"
3,6.6888e-08,0,200,2,1.2851,15,15
3,6.6888e-08,1,200,3,1.2851,0,0
3,0.00087441,2,200,2,0.069985,13,13
3,0.00087441,3,200,1,0.069985,7,7
3,2.8706e-06,4,200,2,0.84762,5,5
3,2.8706e-06,5,200,1,0.84762,1,1
3,9.7535e-05,6,200,2,0.070909,17,17
3,9.7535e-05,7,200,1,0.070909,11,11
3,1.2877e-05,8,200,2,0.84409,9,9
3,1.2877e-05,9,200,1,0.84409,3,3
