"Cell Type","Cost","MatchingID","MatchingPercentMatch","MatchingType","MeanMatchedPersistence","tree1NodeId","tree2NodeId"
3,3.7313e-08,0,200,2,1.2851,15,15
3,3.7313e-08,1,200,3,1.2851,0,0
3,0.00048791,2,200,2,0.07676,13,13
3,0.00048791,3,200,1,0.07676,7,7
3,1.6019e-06,4,200,2,0.84742,5,5
3,1.6019e-06,5,200,1,0.84742,1,1
3,5.4424e-05,6,200,2,0.07288,17,17
3,5.4424e-05,7,200,1,0.07288,11,11
3,7.1851e-06,8,200,2,0.84466,9,9
3,7.1851e-06,9,200,1,0.84466,3,3
