"Cell Type","Cost","MatchingID","MatchingPercentMatch","MatchingType","MeanMatchedPersistence","tree1NodeId","tree2NodeId"
3,2.9359e-08,0,200,2,1.2851,15,15
3,2.9359e-08,1,200,3,1.2851,0,0
3,0.00038396,2,200,2,0.079018,13,13
3,0.00038396,3,200,1,0.079018,7,7
3,1.2605e-06,4,200,2,0.84736,5,5
3,1.2605e-06,5,200,1,0.84736,1,1
3,4.2827e-05,6,200,2,0.073538,17,17
3,4.2827e-05,7,200,1,0.073538,11,11
3,5.6544e-06,8,200,2,0.84484,9,9
3,5.6544e-06,9,200,1,0.84484,3,3
