"Cell Type","Cost","MatchingID","MatchingPercentMatch","MatchingType","MeanMatchedPersistence","tree1NodeId","tree2NodeId"
3,9.5152e-08,0,200,2,1.2851,15,15
3,9.5152e-08,1,200,3,1.2851,0,0
3,0.001244,2,200,2,0.064823,17,13
3,0.001244,3,200,1,0.064823,11,7
3,4.0839e-06,4,200,2,0.84776,5,5
3,4.0839e-06,5,200,1,0.84776,1,1
3,0.00013876,6,200,2,0.069407,13,17
3,0.00013876,7,200,1,0.069407,7,11
3,1.832e-05,8,200,2,0.84366,9,9
3,1.832e-05,9,200,1,0.84366,3,3
