"Cell Type","Cost","MatchingID","MatchingPercentMatch","MatchingType","MeanMatchedPersistence","tree1NodeId","tree2NodeId"
3,9.9366e-09,0,200,2,1.285,15,15
3,9.9366e-09,1,200,3,1.285,0,0
3,0.00012997,2,200,2,0.086436,13,13
3,0.00012997,3,200,1,0.086436,7,7
3,4.2666e-07,4,200,2,0.84715,5,5
3,4.2666e-07,5,200,1,0.84715,1,1
3,1.4497e-05,6,200,2,0.075696,17,17
3,1.4497e-05,7,200,1,0.075696,11,11
3,1.9141e-06,8,200,2,0.84546,9,9
3,1.9141e-06,9,200,1,0.84546,3,3
