"Cell Type","Cost","MatchingID","MatchingPercentMatch","MatchingType","MeanMatchedPersistence","tree1NodeId","tree2NodeId"
3,7.0133e-08,0,200,2,1.2851,15,15
3,7.0133e-08,1,200,3,1.2851,0,0
3,0.00091706,2,200,2,0.06934,17,13
3,0.00091706,3,200,1,0.06934,11,7
3,3.0109e-06,4,200,2,0.84763,5,5
3,3.0109e-06,5,200,1,0.84763,1,1
3,0.00010229,6,200,2,0.070721,13,17
3,0.00010229,7,200,1,0.070721,7,11
3,1.3505e-05,8,200,2,0.84404,9,9
3,1.3505e-05,9,200,1,0.84404,3,3
