"Cell Type","Cost","MatchingID","MatchingPercentMatch","MatchingType","MeanMatchedPersistence","tree1NodeId","tree2NodeId"
3,1.9663e-08,0,200,2,1.285,15,15
3,1.9663e-08,1,200,3,1.285,0,0
3,0.00025703,2,200,2,0.082243,13,13
3,0.00025703,3,200,1,0.082243,7,7
3,8.4376e-07,4,200,2,0.84727,5,5
3,8.4376e-07,5,200,1,0.84727,1,1
3,2.8669e-05,6,200,2,0.074476,17,17
3,2.8669e-05,7,200,1,0.074476,11,11
3,3.7853e-06,8,200,2,0.84511,9,9
3,3.7853e-06,9,200,1,0.84511,3,3
