"Cell Type","Cost","MatchingID","MatchingPercentMatch","MatchingType","MeanMatchedPersistence","tree1NodeId","tree2NodeId"
3,4.7007e-09,0,200,2,1.285,15,15
3,4.7007e-09,1,200,3,1.285,0,0
3,6.1434e-05,2,200,2,0.089661,13,13
3,6.1434e-05,3,200,1,0.089661,7,7
3,2.0166e-07,4,200,2,0.84706,5,5
3,2.0166e-07,5,200,1,0.84706,1,1
3,6.8525e-06,6,200,2,0.076635,17,17
3,6.8525e-06,7,200,1,0.076635,11,11
3,9.0474e-07,8,200,2,0.84573,9,9
3,9.0474e-07,9,200,1,0.84573,3,3
