"Cell Type","Cost","MatchingID","MatchingPercentMatch","MatchingType","MeanMatchedPersistence","tree1NodeId","tree2NodeId"
3,1.6308e-08,0,200,2,1.285,15,15
3,1.6308e-08,1,200,3,1.285,0,0
3,0.00021337,2,200,2,0.083533,13,13
3,0.00021337,3,200,1,0.083533,7,7
3,7.0037e-07,4,200,2,0.84723,5,5
3,7.0037e-07,5,200,1,0.84723,1,1
3,2.38e-05,6,200,2,0.074852,17,17
3,2.38e-05,7,200,1,0.074852,11,11
3,3.1423e-06,8,200,2,0.84522,9,9
3,3.1423e-06,9,200,1,0.84522,3,3
