"Cell Type","Cost","MatchingID","MatchingPercentMatch","MatchingType","MeanMatchedPersistence","tree1NodeId","tree2NodeId"
3,3.6125e-08,0,200,2,1.2852,15,15
3,3.6125e-08,1,200,3,1.2852,0,0
3,0.00047231,2,200,2,0.051922,13,17
3,0.00047231,3,200,1,0.051922,7,11
3,1.5506e-06,4,200,2,0.84812,5,5
3,1.5506e-06,5,200,1,0.84812,1,1
3,5.2682e-05,6,200,2,0.065653,17,13
3,5.2682e-05,7,200,1,0.065653,11,7
3,6.9553e-06,8,200,2,0.84258,9,9
3,6.9553e-06,9,200,1,0.84258,3,3
