"Cell Type","Cost","MatchingID","MatchingPercentMatch","MatchingType","MeanMatchedPersistence","tree1NodeId","tree2NodeId"
3,7.8651e-08,0,200,2,1.2851,15,15
3,7.8651e-08,1,200,3,1.2851,0,0
3,0.0010281,2,200,2,0.061276,13,17
3,0.0010281,3,200,1,0.061276,7,11
3,3.3752e-06,4,200,2,0.84786,5,5
3,3.3752e-06,5,200,1,0.84786,1,1
3,0.00011468,6,200,2,0.068375,17,13
3,0.00011468,7,200,1,0.068375,11,7
3,1.514e-05,8,200,2,0.84336,9,9
3,1.514e-05,9,200,1,0.84336,3,3
