"Cell Type","Cost","MatchingID","MatchingPercentMatch","MatchingType","MeanMatchedPersistence","tree1NodeId","tree2NodeId"
3,9.3282e-09,0,200,2,1.2852,15,15
3,9.3282e-09,1,200,3,1.2852,0,0
3,0.00012198,2,200,2,0.042245,13,17
3,0.00012198,3,200,1,0.042245,7,11
3,4.0045e-07,4,200,2,0.8484,5,5
3,4.0045e-07,5,200,1,0.8484,1,1
3,1.3606e-05,6,200,2,0.062837,17,13
3,1.3606e-05,7,200,1,0.062837,11,7
3,1.7964e-06,8,200,2,0.84178,9,9
3,1.7964e-06,9,200,1,0.84178,3,3
