"Cell Type","Cost","MatchingID","MatchingPercentMatch","MatchingType","MeanMatchedPersistence","tree1NodeId","tree2NodeId"
3,6.0625e-09,0,200,2,1.2852,15,15
3,6.0625e-09,1,200,3,1.2852,0,0
3,7.9332e-05,2,200,2,0.04031,13,17
3,7.9332e-05,3,200,1,0.04031,7,11
3,2.6045e-07,4,200,2,0.84845,5,5
3,2.6045e-07,5,200,1,0.84845,1,1
3,8.8491e-06,6,200,2,0.062274,17,13
3,8.8491e-06,7,200,1,0.062274,11,7
3,1.1682e-06,8,200,2,0.84162,9,9
3,1.1682e-06,9,200,1,0.84162,3,3
