"Cell Type","Cost","MatchingID","MatchingPercentMatch","MatchingType","MeanMatchedPersistence","tree1NodeId","tree2NodeId"
3,7.1785e-08,0,200,2,1.2851,15,15
3,7.1785e-08,1,200,3,1.2851,0,0
3,0.00093877,2,200,2,0.059986,13,17
3,0.00093877,3,200,1,0.059986,7,11
3,3.0819e-06,4,200,2,0.8479,5,5
3,3.0819e-06,5,200,1,0.8479,1,1
3,0.00010471,6,200,2,0.067999,17,13
3,0.00010471,7,200,1,0.067999,11,7
3,1.3824e-05,8,200,2,0.84326,9,9
3,1.3824e-05,9,200,1,0.84326,3,3
