"Cell Type","Cost","MatchingID","MatchingPercentMatch","MatchingType","MeanMatchedPersistence","tree1NodeId","tree2NodeId"
3,6.2104e-08,0,200,2,1.2852,15,15
3,6.2104e-08,1,200,3,1.2852,0,0
3,0.00081235,2,200,2,0.05805,13,17
3,0.00081235,3,200,1,0.05805,7,11
3,2.6668e-06,4,200,2,0.84795,5,5
3,2.6668e-06,5,200,1,0.84795,1,1
3,9.0611e-05,6,200,2,0.067436,17,13
3,9.0611e-05,7,200,1,0.067436,11,7
3,1.1962e-05,8,200,2,0.8431,9,9
3,1.1962e-05,9,200,1,0.8431,3,3
