"Cell Type","Cost","MatchingID","MatchingPercentMatch","MatchingType","MeanMatchedPersistence","tree1NodeId","tree2NodeId"
3,2.4842e-09,0,200,2,1.2853,15,15
3,2.4842e-09,1,200,3,1.2853,0,0
3,3.2494e-05,2,200,2,0.037406,17,17
3,3.2494e-05,3,200,1,0.037406,11,11
3,1.0667e-07,4,200,2,0.84853,5,5
3,1.0667e-07,5,200,1,0.84853,1,1
3,3.6244e-06,6,200,2,0.061429,13,13
3,3.6244e-06,7,200,1,0.061429,7,7
3,4.7847e-07,8,200,2,0.84137,9,9
3,4.7847e-07,9,200,1,0.84137,3,3
