"Cell Type","Cost","MatchingID","MatchingPercentMatch","MatchingType","MeanMatchedPersistence","tree1NodeId","tree2NodeId"
3,1.7962e-08,0,200,2,1.2852,15,15
3,1.7962e-08,1,200,3,1.2852,0,0
3,0.00023469,2,200,2,0.046116,13,17
3,0.00023469,3,200,1,0.046116,7,11
3,7.7051e-07,4,200,2,0.84829,5,5
3,7.7051e-07,5,200,1,0.84829,1,1
3,2.6179e-05,6,200,2,0.063963,17,13
3,2.6179e-05,7,200,1,0.063963,11,7
3,3.456e-06,8,200,2,0.8421,9,9
3,3.456e-06,9,200,1,0.8421,3,3
