"Cell Type","Cost","MatchingID","MatchingPercentMatch","MatchingType","MeanMatchedPersistence","tree1NodeId","tree2NodeId"
3,5.1354e-09,0,200,2,1.2852,15,15
3,5.1354e-09,1,200,3,1.2852,0,0
3,6.7146e-05,2,200,2,0.039665,13,17
3,6.7146e-05,3,200,1,0.039665,7,11
3,2.2039e-07,4,200,2,0.84847,5,5
3,2.2039e-07,5,200,1,0.84847,1,1
3,7.4895e-06,6,200,2,0.062086,17,13
3,7.4895e-06,7,200,1,0.062086,11,7
3,9.8882e-07,8,200,2,0.84156,9,9
3,9.8882e-07,9,200,1,0.84156,3,3
