"Cell Type","Cost","MatchingID","MatchingPercentMatch","MatchingType","MeanMatchedPersistence","tree1NodeId","tree2NodeId"
3,3.9747e-08,0,200,2,1.2852,15,15
3,3.9747e-08,1,200,3,1.2852,0,0
3,0.0005199,2,200,2,0.05289,13,17
3,0.0005199,3,200,1,0.05289,7,11
3,1.7068e-06,4,200,2,0.8481,5,5
3,1.7068e-06,5,200,1,0.8481,1,1
3,5.7991e-05,6,200,2,0.065934,17,13
3,5.7991e-05,7,200,1,0.065934,11,7
3,7.6559e-06,8,200,2,0.84266,9,9
3,7.6559e-06,9,200,1,0.84266,3,3
