"Cell Type","Cost","MatchingID","MatchingPercentMatch","MatchingType","MeanMatchedPersistence","tree1NodeId","tree2NodeId"
3,1.711e-08,0,200,2,1.2852,15,15
3,1.711e-08,1,200,3,1.2852,0,0
3,0.00022391,2,200,2,0.045794,13,17
3,0.00022391,3,200,1,0.045794,7,11
3,7.3502e-07,4,200,2,0.8483,5,5
3,7.3502e-07,5,200,1,0.8483,1,1
3,2.4974e-05,6,200,2,0.063869,17,13
3,2.4974e-05,7,200,1,0.063869,11,7
3,3.2972e-06,8,200,2,0.84207,9,9
3,3.2972e-06,9,200,1,0.84207,3,3
