"Cell Type","Cost","MatchingID","MatchingPercentMatch","MatchingType","MeanMatchedPersistence","tree1NodeId","tree2NodeId"
3,2.9359e-08,0,200,2,1.2852,15,15
3,2.9359e-08,1,200,3,1.2852,0,0
3,0.00038396,2,200,2,0.049987,13,17
3,0.00038396,3,200,1,0.049987,7,11
3,1.2606e-06,4,200,2,0.84818,5,5
3,1.2606e-06,5,200,1,0.84818,1,1
3,4.2829e-05,6,200,2,0.06509,17,13
3,4.2829e-05,7,200,1,0.06509,11,7
3,5.6541e-06,8,200,2,0.84242,9,9
3,5.6541e-06,9,200,1,0.84242,3,3
