"Cell Type","Cost","MatchingID","MatchingPercentMatch","MatchingType","MeanMatchedPersistence","tree1NodeId","tree2NodeId"
3,1.4763e-08,0,200,2,1.2852,15,15
3,1.4763e-08,1,200,3,1.2852,0,0
3,0.00019306,2,200,2,0.044826,13,17
3,0.00019306,3,200,1,0.044826,7,11
3,6.3379e-07,4,200,2,0.84832,5,5
3,6.3379e-07,5,200,1,0.84832,1,1
3,2.1534e-05,6,200,2,0.063588,17,13
3,2.1534e-05,7,200,1,0.063588,11,7
3,2.843e-06,8,200,2,0.84199,9,9
3,2.843e-06,9,200,1,0.84199,3,3
