"Cell Type","Cost","MatchingID","MatchingPercentMatch","MatchingType","MeanMatchedPersistence","tree1NodeId","tree2NodeId"
3,8.2167e-08,0,200,2,1.2851,15,15
3,8.2167e-08,1,200,3,1.2851,0,0
3,0.0010743,2,200,2,0.061921,13,17
3,0.0010743,3,200,1,0.061921,7,11
3,3.5268e-06,4,200,2,0.84784,5,5
3,3.5268e-06,5,200,1,0.84784,1,1
3,0.00011983,6,200,2,0.068562,17,13
3,0.00011983,7,200,1,0.068562,11,7
3,1.582e-05,8,200,2,0.84342,9,9
3,1.582e-05,9,200,1,0.84342,3,3
