"Cell Type","Cost","MatchingID","MatchingPercentMatch","MatchingType","MeanMatchedPersistence","tree1NodeId","tree2NodeId"
3,3.2676e-08,0,200,2,1.2852,15,15
3,3.2676e-08,1,200,3,1.2852,0,0
3,0.00042699,2,200,2,0.050955,13,17
3,0.00042699,3,200,1,0.050955,7,11
3,1.4018e-06,4,200,2,0.84815,5,5
3,1.4018e-06,5,200,1,0.84815,1,1
3,4.7627e-05,6,200,2,0.065371,17,13
3,4.7627e-05,7,200,1,0.065371,11,7
3,6.2877e-06,8,200,2,0.8425,9,9
3,6.2877e-06,9,200,1,0.8425,3,3
