"Cell Type","Cost","MatchingID","MatchingPercentMatch","MatchingType","MeanMatchedPersistence","tree1NodeId","tree2NodeId"
3,5.0304e-08,0,200,2,1.2852,15,15
3,5.0304e-08,1,200,3,1.2852,0,0
3,0.000658,2,200,2,0.05547,13,17
3,0.000658,3,200,1,0.05547,7,11
3,2.1603e-06,4,200,2,0.84802,5,5
3,2.1603e-06,5,200,1,0.84802,1,1
3,7.3395e-05,6,200,2,0.066685,17,13
3,7.3395e-05,7,200,1,0.066685,11,7
3,9.6893e-06,8,200,2,0.84288,9,9
3,9.6893e-06,9,200,1,0.84288,3,3
