"Cell Type","Cost","MatchingID","MatchingPercentMatch","MatchingType","MeanMatchedPersistence","tree1NodeId","tree2NodeId"
3,8.7585e-08,0,200,2,1.2851,15,15
3,8.7585e-08,1,200,3,1.2851,0,0
3,0.0011455,2,200,2,0.062888,13,17
3,0.0011455,3,200,1,0.062888,7,11
3,3.7605e-06,4,200,2,0.84781,5,5
3,3.7605e-06,5,200,1,0.84781,1,1
3,0.00012778,6,200,2,0.068844,17,13
3,0.00012778,7,200,1,0.068844,11,7
3,1.6869e-05,8,200,2,0.8435,9,9
3,1.6869e-05,9,200,1,0.8435,3,3
