"Cell Type","Cost","MatchingID","MatchingPercentMatch","MatchingType","MeanMatchedPersistence","tree1NodeId","tree2NodeId"
3,1.1211e-08,0,200,2,1.2852,15,15
3,1.1211e-08,1,200,3,1.2852,0,0
3,0.00014673,2,200,2,0.043213,13,17
3,0.00014673,3,200,1,0.043213,7,11
3,4.8176e-07,4,200,2,0.84837,5,5
3,4.8176e-07,5,200,1,0.84837,1,1
3,1.6367e-05,6,200,2,0.063118,17,13
3,1.6367e-05,7,200,1,0.063118,11,7
3,2.1607e-06,8,200,2,0.84186,9,9
3,2.1607e-06,9,200,1,0.84186,3,3
