"Cell Type","Cost","MatchingID","MatchingPercentMatch","MatchingType","MeanMatchedPersistence","tree1NodeId","tree2NodeId"
3,1.2589e-08,0,200,2,1.2852,15,15
3,1.2589e-08,1,200,3,1.2852,0,0
3,0.0001645,2,200,2,0.043858,13,17
3,0.0001645,3,200,1,0.043858,7,11
3,5.4005e-07,4,200,2,0.84835,5,5
3,5.4005e-07,5,200,1,0.84835,1,1
3,1.8349e-05,6,200,2,0.063306,17,13
3,1.8349e-05,7,200,1,0.063306,11,7
3,2.4226e-06,8,200,2,0.84191,9,9
3,2.4226e-06,9,200,1,0.84191,3,3
