"Cell Type","Cost","MatchingID","MatchingPercentMatch","MatchingType","MeanMatchedPersistence","tree1NodeId","tree2NodeId"
3,4.0992e-08,0,200,2,1.2852,15,15
3,4.0992e-08,1,200,3,1.2852,0,0
3,0.00053628,2,200,2,0.053213,13,17
3,0.00053628,3,200,1,0.053213,7,11
3,1.7607e-06,4,200,2,0.84809,5,5
3,1.7607e-06,5,200,1,0.84809,1,1
3,5.9818e-05,6,200,2,0.066028,17,13
3,5.9818e-05,7,200,1,0.066028,11,7
3,7.8969e-06,8,200,2,0.84269,9,9
3,7.8969e-06,9,200,1,0.84269,3,3
