"Cell Type","Cost","MatchingID","MatchingPercentMatch","MatchingType","MeanMatchedPersistence","tree1NodeId","tree2NodeId"
3,4.7613e-10,0,200,2,1.2853,15,15
3,4.7613e-10,1,200,3,1.2853,0,0
3,6.2196e-06,2,200,2,0.034503,17,17
3,6.2196e-06,3,200,1,0.034503,11,11
3,2.0406e-08,4,200,2,0.84861,5,5
3,2.0406e-08,5,200,1,0.84861,1,1
3,6.9376e-07,6,200,2,0.060584,13,13
3,6.9376e-07,7,200,1,0.060584,7,7
3,9.1576e-08,8,200,2,0.84113,9,9
3,9.1576e-08,9,200,1,0.84113,3,3
