"Cell Type","Cost","MatchingID","MatchingPercentMatch","MatchingType","MeanMatchedPersistence","tree1NodeId","tree2NodeId"
3,4.3591e-08,0,200,2,1.2852,15,15
3,4.3591e-08,1,200,3,1.2852,0,0
3,0.00056979,2,200,2,0.053858,13,17
3,0.00056979,3,200,1,0.053858,7,11
3,1.8706e-06,4,200,2,0.84807,5,5
3,1.8706e-06,5,200,1,0.84807,1,1
3,6.3556e-05,6,200,2,0.066216,17,13
3,6.3556e-05,7,200,1,0.066216,11,7
3,8.3908e-06,8,200,2,0.84275,9,9
3,8.3908e-06,9,200,1,0.84275,3,3
