"Cell Type","Cost","MatchingID","MatchingPercentMatch","MatchingType","MeanMatchedPersistence","tree1NodeId","tree2NodeId"
3,6.3719e-08,0,200,2,1.2852,15,15
3,6.3719e-08,1,200,3,1.2852,0,0
3,0.00083279,2,200,2,0.058373,13,17
3,0.00083279,3,200,1,0.058373,7,11
3,2.7341e-06,4,200,2,0.84794,5,5
3,2.7341e-06,5,200,1,0.84794,1,1
3,9.2892e-05,6,200,2,0.06753,17,13
3,9.2892e-05,7,200,1,0.06753,11,7
3,1.2263e-05,8,200,2,0.84312,9,9
3,1.2263e-05,9,200,1,0.84312,3,3
