"Cell Type","Cost","MatchingID","MatchingPercentMatch","MatchingType","MeanMatchedPersistence","tree1NodeId","tree2NodeId"
3,2.7273e-08,0,200,2,1.2852,15,15
3,2.7273e-08,1,200,3,1.2852,0,0
3,0.00035655,2,200,2,0.049342,13,17
3,0.00035655,3,200,1,0.049342,7,11
3,1.1704e-06,4,200,2,0.8482,5,5
3,1.1704e-06,5,200,1,0.8482,1,1
3,3.977e-05,6,200,2,0.064902,17,13
3,3.977e-05,7,200,1,0.064902,11,7
3,5.2505e-06,8,200,2,0.84237,9,9
3,5.2505e-06,9,200,1,0.84237,3,3
