"Cell Type","Cost","MatchingID","MatchingPercentMatch","MatchingType","MeanMatchedPersistence","tree1NodeId","tree2NodeId"
3,8.65e-11,0,200,2,1.2853,15,15
3,8.65e-11,1,200,3,1.2853,0,0
3,1.1424e-06,2,200,2,0.033212,17,17
3,1.1424e-06,3,200,1,0.033212,11,11
3,3.7498e-09,4,200,2,0.84865,5,5
3,3.7498e-09,5,200,1,0.84865,1,1
3,1.2744e-07,6,200,2,0.060208,13,13
3,1.2744e-07,7,200,1,0.060208,7,7
3,1.6822e-08,8,200,2,0.84102,9,9
3,1.6822e-08,9,200,1,0.84102,3,3
