"Cell Type","Cost","MatchingID","MatchingPercentMatch","MatchingType","MeanMatchedPersistence","tree1NodeId","tree2NodeId"
3,5.1705e-08,0,200,2,1.2852,15,15
3,5.1705e-08,1,200,3,1.2852,0,0
3,0.00067641,2,200,2,0.055793,13,17
3,0.00067641,3,200,1,0.055793,7,11
3,2.2206e-06,4,200,2,0.84801,5,5
3,2.2206e-06,5,200,1,0.84801,1,1
3,7.5448e-05,6,200,2,0.066779,17,13
3,7.5448e-05,7,200,1,0.066779,11,7
3,9.9606e-06,8,200,2,0.84291,9,9
3,9.9606e-06,9,200,1,0.84291,3,3
