"Cell Type","Cost","MatchingID","MatchingPercentMatch","MatchingType","MeanMatchedPersistence","tree1NodeId","tree2NodeId"
3,9.6112e-12,0,200,2,1.2853,15,15
3,9.6112e-12,1,200,3,1.2853,0,0
3,1.2693e-07,2,200,2,0.032567,17,17
3,1.2693e-07,3,200,1,0.032567,11,11
3,4.1831e-10,4,200,2,0.84867,5,5
3,4.1831e-10,5,200,1,0.84867,1,1
3,1.4155e-08,6,200,2,0.06002,13,13
3,1.4155e-08,7,200,1,0.06002,7,7
3,1.8674e-09,8,200,2,0.84097,9,9
3,1.8674e-09,9,200,1,0.84097,3,3
