"Cell Type","Cost","MatchingID","MatchingPercentMatch","MatchingType","MeanMatchedPersistence","tree1NodeId","tree2NodeId"
3,7.3465e-09,0,200,2,1.5025,7,7
3,7.3465e-09,1,200,3,1.5025,0,0
3,2.5514e-05,2,200,2,0.62193,5,5
3,2.5514e-05,3,200,1,0.62193,1,1
3,0.00044503,4,100,2,0.11766,9,9
3,0.00044503,5,100,1,0.11766,3,3
