"Points:0","Points:1","Points:2"
-1.6647,-1.5024,0
1.152,-1.5022,0
-1.6647,-2.7418e-06,0
1.152,-2.7418e-06,0
-1.1647,-1.2028,0
1.402,-1.2028,0
-1.1647,-0.57851,0
1.402,-0.56089,0
