"Points:0","Points:1","Points:2"
-2.2737,-1.5025,0
1.152,-1.5022,0
-2.2737,-2.7418e-06,0
1.152,-2.7418e-06,0
-1.7737,-1.2028,0
1.402,-1.2028,0
-1.7737,-0.58232,0
1.402,-0.56089,0
