"Points:0","Points:1","Points:2"
-2.3118,-1.5025,0
1.152,-1.5022,0
-2.3118,-2.7418e-06,0
1.152,-2.7418e-06,0
-1.8118,-1.2028,0
1.402,-1.2028,0
-1.8118,-0.58256,0
1.402,-0.56089,0
