"Points:0","Points:1","Points:2"
-0.33248,-1.5023,0
1.152,-1.5022,0
-0.33248,-2.7418e-06,0
1.152,-2.7418e-06,0
0.16752,-1.2028,0
1.402,-1.2028,0
0.16752,-0.57017,0
1.402,-0.56089,0
