"Points:0","Points:1","Points:2"
-0.78925,-1.5024,0
1.152,-1.5022,0
-0.78925,-2.7418e-06,0
1.152,-2.7418e-06,0
-0.28925,-1.2028,0
1.402,-1.2028,0
-0.28925,-0.57303,0
1.402,-0.56089,0
