"Points:0","Points:1","Points:2"
0.048157,-1.5023,0
1.152,-1.5022,0
0.048157,-2.7418e-06,0
1.152,-2.7418e-06,0
0.54816,-1.2028,0
1.402,-1.2028,0
0.54816,-0.56779,0
1.402,-0.56089,0
