"Points:0","Points:1","Points:2"
0.73331,-1.5023,0
1.152,-1.5022,0
0.73331,-2.7418e-06,0
1.152,-2.7418e-06,0
1.2333,-1.2028,0
1.402,-1.2028,0
1.2333,-0.56351,0
1.402,-0.56089,0
