"Points:0","Points:1","Points:2"
-1.3983,-1.5024,0
1.152,-1.5022,0
-1.3983,-2.7418e-06,0
1.152,-2.7418e-06,0
-0.89827,-1.2028,0
1.402,-1.2028,0
-0.89827,-0.57684,0
1.402,-0.56089,0
