"Points:0","Points:1","Points:2"
0.086221,-1.5023,0
1.152,-1.5022,0
0.086221,-2.7418e-06,0
1.152,-2.7418e-06,0
0.58622,-1.2028,0
1.402,-1.2028,0
0.58622,-0.56755,0
1.402,-0.56089,0
