"Points:0","Points:1","Points:2"
-1.8931,-1.5024,0
1.152,-1.5022,0
-1.8931,-2.7418e-06,0
1.152,-2.7418e-06,0
-1.3931,-1.2028,0
1.402,-1.2028,0
-1.3931,-0.57994,0
1.402,-0.56089,0
