"Points:0","Points:1","Points:2"
-2.1215,-1.5025,0
1.152,-1.5022,0
-2.1215,-2.7418e-06,0
1.152,-2.7418e-06,0
-1.6215,-1.2028,0
1.402,-1.2028,0
-1.6215,-0.58137,0
1.402,-0.56089,0
