"Cell Type","Cost","MatchingID","MatchingPercentMatch","MatchingType","MeanMatchedPersistence","tree1NodeId","tree2NodeId"
3,1.5664e-05,0,200,2,28.73,11,7
3,1.5664e-05,1,200,3,28.73,0,0
3,1.3688e-05,2,100,2,0.32043,9,9
3,1.3688e-05,3,100,1,0.32043,3,3
3,0.0004319,4,200,2,2.6168,5,5
3,0.0004319,5,200,1,2.6168,1,1
