"Cell Type","Cost","MatchingID","MatchingPercentMatch","MatchingType","MeanMatchedPersistence","tree1NodeId","tree2NodeId"
3,2.0057e-05,0,200,2,28.73,11,7
3,2.0057e-05,1,200,3,28.73,0,0
3,1.7527e-05,2,100,2,0.31054,9,9
3,1.7527e-05,3,100,1,0.31054,3,3
3,0.00055303,4,200,2,2.5776,5,5
3,0.00055303,5,200,1,2.5776,1,1
