"Cell Type","Cost","MatchingID","MatchingPercentMatch","MatchingType","MeanMatchedPersistence","tree1NodeId","tree2NodeId"
3,5.9407e-05,0,200,2,28.728,11,7
3,5.9407e-05,1,200,3,28.728,0,0
3,5.1908e-05,2,100,2,0.24922,9,9
3,5.1908e-05,3,100,1,0.24922,3,3
3,0.0016379,4,200,2,2.334,5,5
3,0.0016379,5,200,1,2.334,1,1
