"Cell Type","Cost","MatchingID","MatchingPercentMatch","MatchingType","MeanMatchedPersistence","tree1NodeId","tree2NodeId"
3,5.317e-05,0,200,2,28.728,11,7
3,5.317e-05,1,200,3,28.728,0,0
3,4.6449e-05,2,100,2,0.25713,9,9
3,4.6449e-05,3,100,1,0.25713,3,3
3,0.0014656,4,200,2,2.3655,5,5
3,0.0014656,5,200,1,2.3655,1,1
