"Cell Type","Cost","MatchingID","MatchingPercentMatch","MatchingType","MeanMatchedPersistence","tree1NodeId","tree2NodeId"
3,6.2655e-05,0,200,2,28.728,11,7
3,6.2655e-05,1,200,3,28.728,0,0
3,5.4752e-05,2,100,2,0.24527,9,9
3,5.4752e-05,3,100,1,0.24527,3,3
3,0.0017276,4,200,2,2.3183,5,5
3,0.0017276,5,200,1,2.3183,1,1
