"Cell Type","Cost","MatchingID","MatchingPercentMatch","MatchingType","MeanMatchedPersistence","tree1NodeId","tree2NodeId"
3,2.2956e-05,0,200,2,28.729,11,7
3,2.2956e-05,1,200,3,28.729,0,0
3,2.0058e-05,2,100,2,0.3046,9,9
3,2.0058e-05,3,100,1,0.3046,3,3
3,0.00063289,4,200,2,2.554,5,5
3,0.00063289,5,200,1,2.554,1,1
