"Cell Type","Cost","MatchingID","MatchingPercentMatch","MatchingType","MeanMatchedPersistence","tree1NodeId","tree2NodeId"
3,4.5848e-05,0,200,2,28.728,11,7
3,4.5848e-05,1,200,3,28.728,0,0
3,4.005e-05,2,100,2,0.26702,9,9
3,4.005e-05,3,100,1,0.26702,3,3
3,0.0012637,4,200,2,2.4047,5,5
3,0.0012637,5,200,1,2.4047,1,1
