"Cell Type","Cost","MatchingID","MatchingPercentMatch","MatchingType","MeanMatchedPersistence","tree1NodeId","tree2NodeId"
3,7.9041e-06,0,200,2,28.73,11,7
3,7.9041e-06,1,200,3,28.73,0,0
3,6.9103e-06,2,100,2,0.34219,9,9
3,6.9103e-06,3,100,1,0.34219,3,3
3,0.00021804,4,200,2,2.7033,5,5
3,0.00021804,5,200,1,2.7033,1,1
