"Cell Type","Cost","MatchingID","MatchingPercentMatch","MatchingType","MeanMatchedPersistence","tree1NodeId","tree2NodeId"
3,4.305e-05,0,200,2,28.729,11,7
3,4.305e-05,1,200,3,28.729,0,0
3,3.7623e-05,2,100,2,0.27098,9,9
3,3.7623e-05,3,100,1,0.27098,3,3
3,0.0011871,4,200,2,2.4204,5,5
3,0.0011871,5,200,1,2.4204,1,1
