"Cell Type","Cost","MatchingID","MatchingPercentMatch","MatchingType","MeanMatchedPersistence","tree1NodeId","tree2NodeId"
3,3.9197e-06,0,200,2,28.722,11,7
3,3.9197e-06,1,200,3,28.722,0,0
3,0.00010798,2,200,2,1.4935,5,5
3,0.00010798,3,200,1,1.4935,1,1
3,3.2965e-05,4,100,2,1.1109,13,9
3,3.2965e-05,5,100,1,1.1109,7,3
