"Cell Type","Cost","MatchingID","MatchingPercentMatch","MatchingType","MeanMatchedPersistence","tree1NodeId","tree2NodeId"
3,1.1116e-05,0,200,2,28.723,11,7
3,1.1116e-05,1,200,3,28.723,0,0
3,0.00030628,2,200,2,1.5956,5,5
3,0.00030628,3,200,1,1.5956,1,1
3,9.3507e-05,4,100,2,1.0311,13,9
3,9.3507e-05,5,100,1,1.0311,7,3
