"Cell Type","Cost","MatchingID","MatchingPercentMatch","MatchingType","MeanMatchedPersistence","tree1NodeId","tree2NodeId"
3,6.4327e-05,0,200,2,28.725,11,7
3,6.4327e-05,1,200,3,28.725,0,0
3,0.0017734,2,200,2,1.9491,5,5
3,0.0017734,3,200,1,1.9491,1,1
3,0.00054141,4,100,2,0.7549,13,9
3,0.00054141,5,100,1,0.7549,7,3
