"Cell Type","Cost","MatchingID","MatchingPercentMatch","MatchingType","MeanMatchedPersistence","tree1NodeId","tree2NodeId"
3,2.1007e-05,0,200,2,28.724,11,7
3,2.1007e-05,1,200,3,28.724,0,0
3,0.00057905,2,200,2,1.6899,5,5
3,0.00057905,3,200,1,1.6899,1,1
3,0.00017679,4,100,2,0.95744,13,9
3,0.00017679,5,100,1,0.95744,7,3
