"Cell Type","Cost","MatchingID","MatchingPercentMatch","MatchingType","MeanMatchedPersistence","tree1NodeId","tree2NodeId"
3,5.9407e-05,0,200,2,28.725,11,7
3,5.9407e-05,1,200,3,28.725,0,0
3,0.0016379,2,200,2,1.9255,5,5
3,0.0016379,3,200,1,1.9255,1,1
3,0.00050004,4,100,2,0.77332,13,9
3,0.00050004,5,100,1,0.77332,7,3
