"Cell Type","Cost","MatchingID","MatchingPercentMatch","MatchingType","MeanMatchedPersistence","tree1NodeId","tree2NodeId"
3,2.9342e-05,0,200,2,28.724,11,7
3,2.9342e-05,1,200,3,28.724,0,0
3,0.00080876,2,200,2,1.7527,5,5
3,0.00080876,3,200,1,1.7527,1,1
3,0.00024692,4,100,2,0.90835,13,9
3,0.00024692,5,100,1,0.90835,7,3
