"Cell Type","Cost","MatchingID","MatchingPercentMatch","MatchingType","MeanMatchedPersistence","tree1NodeId","tree2NodeId"
3,4.1709e-05,0,200,2,28.725,11,7
3,4.1709e-05,1,200,3,28.725,0,0
3,0.0011497,2,200,2,1.8313,5,5
3,0.0011497,3,200,1,1.8313,1,1
3,0.00035102,4,100,2,0.84697,13,9
3,0.00035102,5,100,1,0.84697,7,3
