"Cell Type","Cost","MatchingID","MatchingPercentMatch","MatchingType","MeanMatchedPersistence","tree1NodeId","tree2NodeId"
3,7.9041e-06,0,200,2,28.723,11,7
3,7.9041e-06,1,200,3,28.723,0,0
3,0.00021804,2,200,2,1.5563,5,5
3,0.00021804,3,200,1,1.5563,1,1
3,6.6569e-05,4,100,2,1.0618,13,9
3,6.6569e-05,5,100,1,1.0618,7,3
