"Cell Type","Cost","MatchingID","MatchingPercentMatch","MatchingType","MeanMatchedPersistence","tree1NodeId","tree2NodeId"
3,1.7353e-05,0,200,2,28.724,11,7
3,1.7353e-05,1,200,3,28.724,0,0
3,0.00047856,2,200,2,1.6584,5,5
3,0.00047856,3,200,1,1.6584,1,1
3,0.0001461,4,100,2,0.98199,13,9
3,0.0001461,5,100,1,0.98199,7,3
