"Cell Type","Cost","MatchingID","MatchingPercentMatch","MatchingType","MeanMatchedPersistence","tree1NodeId","tree2NodeId"
3,5.1651e-05,0,200,2,28.725,11,7
3,5.1651e-05,1,200,3,28.725,0,0
3,0.001424,2,200,2,1.8863,5,5
3,0.001424,3,200,1,1.8863,1,1
3,0.00043475,4,100,2,0.80401,13,9
3,0.00043475,5,100,1,0.80401,7,3
