"Cell Type","Cost","MatchingID","MatchingPercentMatch","MatchingType","MeanMatchedPersistence","tree1NodeId","tree2NodeId"
3,9.1279e-06,0,200,2,28.723,11,7
3,9.1279e-06,1,200,3,28.723,0,0
3,0.00025154,2,200,2,1.572,5,5
3,0.00025154,3,200,1,1.572,1,1
3,7.6796e-05,4,100,2,1.0495,13,9
3,7.6796e-05,5,100,1,1.0495,7,3
