"Cell Type","Cost","MatchingID","MatchingPercentMatch","MatchingType","MeanMatchedPersistence","tree1NodeId","tree2NodeId"
3,1.5664e-05,0,200,2,28.723,11,7
3,1.5664e-05,1,200,3,28.723,0,0
3,0.0004319,2,200,2,1.6427,5,5
3,0.0004319,3,200,1,1.6427,1,1
3,0.00013186,4,100,2,0.99427,13,9
3,0.00013186,5,100,1,0.99427,7,3
