"Cell Type","Cost","MatchingID","MatchingPercentMatch","MatchingType","MeanMatchedPersistence","tree1NodeId","tree2NodeId"
3,6.6021e-05,0,200,2,28.726,11,7
3,6.6021e-05,1,200,3,28.726,0,0
3,0.0018197,2,200,2,1.957,5,5
3,0.0018197,3,200,1,1.957,1,1
3,0.00055556,4,100,2,0.74877,13,9
3,0.00055556,5,100,1,0.74877,7,3
