"Cell Type","Cost","MatchingID","MatchingPercentMatch","MatchingType","MeanMatchedPersistence","tree1NodeId","tree2NodeId"
3,3.7767e-05,0,200,2,28.725,11,7
3,3.7767e-05,1,200,3,28.725,0,0
3,0.0010412,2,200,2,1.8077,5,5
3,0.0010412,3,200,1,1.8077,1,1
3,0.00031787,4,100,2,0.86539,13,9
3,0.00031787,5,100,1,0.86539,7,3
