"Cell Type","Cost","MatchingID","MatchingPercentMatch","MatchingType","MeanMatchedPersistence","tree1NodeId","tree2NodeId"
3,7.8392e-05,0,200,2,28.726,11,7
3,7.8392e-05,1,200,3,28.726,0,0
3,0.002161,2,200,2,2.012,5,5
3,0.002161,3,200,1,2.012,1,1
3,0.00065976,4,100,2,0.7058,13,9
3,0.00065976,5,100,1,0.7058,7,3
