"BranchID","Cell Type","ClusterID","PercentMatchArc","Persistence","TreeID","downNodeId","isDummyArc","isImportantPair","upNodeId"
0,3,0,200,28.722,0,2,0,1,0
0,3,0,200,28.722,0,4,0,1,2
1,3,0,200,1.36,0,6,1,1,2
1,3,0,200,1.36,0,6,0,1,2
0,3,0,200,28.722,0,8,0,1,4
2,3,0,0,0.0039558,0,10,1,1,4
2,3,0,0,0.0039558,0,10,0,1,4
0,3,0,200,28.722,0,12,0,1,8
3,3,0,100,1.2152,0,14,1,1,8
3,3,0,100,1.2152,0,14,0,1,8
