"Cell Type","Cost","MatchingID","MatchingPercentMatch","MatchingType","MeanMatchedPersistence","tree1NodeId","tree2NodeId"
3,0.0007543,0,200,2,1.2987,31,15
3,0.0007543,1,200,3,1.2987,0,0
3,6.0334e-05,2,200,2,0.85046,9,9
3,6.0334e-05,3,200,1,0.85046,3,3
3,0.00025452,4,200,2,0.099273,23,13
3,0.00025452,5,200,1,0.099273,15,7
3,0.0017156,6,200,2,0.82996,17,5
3,0.0017156,7,200,1,0.82996,11,1
3,0.0017285,8,100,2,0.040957,29,17
3,0.0017285,9,100,1,0.040957,21,11
