"Cell Type","Cost","MatchingID","MatchingPercentMatch","MatchingType","MeanMatchedPersistence","tree1NodeId","tree2NodeId"
3,0.00034581,0,200,2,1.2942,31,15
3,0.00034581,1,200,3,1.2942,0,0
3,2.766e-05,2,200,2,0.84914,9,9
3,2.766e-05,3,200,1,0.84914,3,3
3,0.00011668,4,200,2,0.098453,23,13
3,0.00011668,5,200,1,0.098453,15,7
3,0.0007865,6,200,2,0.83554,13,5
3,0.0007865,7,200,1,0.83554,7,1
3,0.00079241,8,100,2,0.053321,29,17
3,0.00079241,9,100,1,0.053321,21,11
