"Cell Type","Cost","MatchingID","MatchingPercentMatch","MatchingType","MeanMatchedPersistence","tree1NodeId","tree2NodeId"
3,1.6042e-05,0,200,2,1.287,31,15
3,1.6042e-05,1,200,3,1.287,0,0
3,1.2831e-06,2,200,2,0.84694,9,9
3,1.2831e-06,3,200,1,0.84694,3,3
3,5.4132e-06,4,200,2,0.09712,23,13
3,5.4132e-06,5,200,1,0.09712,15,7
3,3.6487e-05,6,200,2,0.84447,13,5
3,3.6487e-05,7,200,1,0.84447,7,1
3,3.6761e-05,8,100,2,0.073296,29,17
3,3.6761e-05,9,100,1,0.073296,21,11
