"Cell Type","Cost","MatchingID","MatchingPercentMatch","MatchingType","MeanMatchedPersistence","tree1NodeId","tree2NodeId"
3,0.00032485,0,200,2,1.294,31,15
3,0.00032485,1,200,3,1.294,0,0
3,2.5984e-05,2,200,2,0.84906,9,9
3,2.5984e-05,3,200,1,0.84906,3,3
3,0.00010961,4,200,2,0.098401,23,13
3,0.00010961,5,200,1,0.098401,15,7
3,0.00073885,6,200,2,0.83589,13,5
3,0.00073885,7,200,1,0.83589,7,1
3,0.0007444,8,100,2,0.054113,29,17
3,0.0007444,9,100,1,0.054113,21,11
