"Cell Type","Cost","MatchingID","MatchingPercentMatch","MatchingType","MeanMatchedPersistence","tree1NodeId","tree2NodeId"
3,0.00066296,0,200,2,1.2978,31,15
3,0.00066296,1,200,3,1.2978,0,0
3,5.3028e-05,2,200,2,0.8502,9,9
3,5.3028e-05,3,200,1,0.8502,3,3
3,0.0002237,4,200,2,0.099114,23,13
3,0.0002237,5,200,1,0.099114,15,7
3,0.0015079,6,200,2,0.83105,17,5
3,0.0015079,7,200,1,0.83105,11,1
3,0.0015192,8,100,2,0.043363,29,17
3,0.0015192,9,100,1,0.043363,21,11
