"Cell Type","Cost","MatchingID","MatchingPercentMatch","MatchingType","MeanMatchedPersistence","tree1NodeId","tree2NodeId"
3,0.00056384,0,200,2,1.2968,31,15
3,0.00056384,1,200,3,1.2968,0,0
3,4.51e-05,2,200,2,0.84991,9,9
3,4.51e-05,3,200,1,0.84991,3,3
3,0.00019026,4,200,2,0.098928,23,13
3,0.00019026,5,200,1,0.098928,15,7
3,0.0012824,6,200,2,0.83231,17,5
3,0.0012824,7,200,1,0.83231,11,1
3,0.0012921,8,100,2,0.046162,29,17
3,0.0012921,9,100,1,0.046162,21,11
