"Cell Type","Cost","MatchingID","MatchingPercentMatch","MatchingType","MeanMatchedPersistence","tree1NodeId","tree2NodeId"
3,5.1155e-05,0,200,2,1.2885,31,15
3,5.1155e-05,1,200,3,1.2885,0,0
3,8.3532e-06,2,200,2,0.84789,9,5
3,8.3532e-06,3,200,1,0.84789,3,1
3,1.7261e-05,4,200,2,0.097406,23,13
3,1.7261e-05,5,200,1,0.097406,15,7
3,0.00011722,6,100,2,0.069026,29,17
3,0.00011722,7,100,1,0.069026,21,11
3,0.00010014,8,200,2,0.84209,13,9
3,0.00010014,9,200,1,0.84209,7,3
