"Cell Type","Cost","MatchingID","MatchingPercentMatch","MatchingType","MeanMatchedPersistence","tree1NodeId","tree2NodeId"
3,0.00013759,0,200,2,1.2908,31,15
3,0.00013759,1,200,3,1.2908,0,0
3,2.2467e-05,2,200,2,0.84854,9,5
3,2.2467e-05,3,200,1,0.84854,3,1
3,4.6425e-05,4,200,2,0.097823,23,13
3,4.6425e-05,5,200,1,0.097823,15,7
3,0.00026932,6,200,2,0.83935,13,9
3,0.00026932,7,200,1,0.83935,7,3
3,0.00031528,8,100,2,0.062777,29,17
3,0.00031528,9,100,1,0.062777,21,11
