"Cell Type","Cost","MatchingID","MatchingPercentMatch","MatchingType","MeanMatchedPersistence","tree1NodeId","tree2NodeId"
3,0.00059134,0,200,2,1.2971,31,15
3,0.00059134,1,200,3,1.2971,0,0
3,4.73e-05,2,200,2,0.84999,9,9
3,4.73e-05,3,200,1,0.84999,3,3
3,0.00019953,4,200,2,0.098981,23,13
3,0.00019953,5,200,1,0.098981,15,7
3,0.001345,6,200,2,0.83195,17,5
3,0.001345,7,200,1,0.83195,11,1
3,0.0013551,8,100,2,0.045364,29,17
3,0.0013551,9,100,1,0.045364,21,11
