"Cell Type","Cost","MatchingID","MatchingPercentMatch","MatchingType","MeanMatchedPersistence","tree1NodeId","tree2NodeId"
3,2.9547e-05,0,200,2,1.2877,31,15
3,2.9547e-05,1,200,3,1.2877,0,0
3,4.8247e-06,2,200,2,0.84765,9,5
3,4.8247e-06,3,200,1,0.84765,3,1
3,6.7706e-05,4,100,2,0.071357,29,17
3,6.7706e-05,5,100,1,0.071357,21,11
3,9.9696e-06,6,200,2,0.09725,23,13
3,9.9696e-06,7,200,1,0.09725,15,7
3,5.7838e-05,8,200,2,0.84311,13,9
3,5.7838e-05,9,200,1,0.84311,7,3
