"Cell Type","Cost","MatchingID","MatchingPercentMatch","MatchingType","MeanMatchedPersistence","tree1NodeId","tree2NodeId"
3,0.00048527,0,200,2,1.2959,31,15
3,0.00048527,1,200,3,1.2959,0,0
3,3.8815e-05,2,200,2,0.84965,9,9
3,3.8815e-05,3,200,1,0.84965,3,3
3,0.00016374,4,200,2,0.09877,23,13
3,0.00016374,5,200,1,0.09877,15,7
3,0.0011037,6,200,2,0.83339,13,5
3,0.0011037,7,200,1,0.83339,7,1
3,0.001112,8,100,2,0.048555,29,17
3,0.001112,9,100,1,0.048555,21,11
