"Cell Type","Cost","MatchingID","MatchingPercentMatch","MatchingType","MeanMatchedPersistence","tree1NodeId","tree2NodeId"
3,0.00044819,0,200,2,1.2955,31,15
3,0.00044819,1,200,3,1.2955,0,0
3,3.585e-05,2,200,2,0.84953,9,9
3,3.585e-05,3,200,1,0.84953,3,3
3,0.00015123,4,200,2,0.098691,23,13
3,0.00015123,5,200,1,0.098691,15,7
3,0.0010194,6,200,2,0.83393,13,5
3,0.0010194,7,200,1,0.83393,7,1
3,0.001027,8,100,2,0.049749,29,17
3,0.001027,9,100,1,0.049749,21,11
