"Cell Type","Cost","MatchingID","MatchingPercentMatch","MatchingType","MeanMatchedPersistence","tree1NodeId","tree2NodeId"
3,0.00049796,0,200,2,1.2961,31,15
3,0.00049796,1,200,3,1.2961,0,0
3,3.983e-05,2,200,2,0.8497,9,9
3,3.983e-05,3,200,1,0.8497,3,3
3,0.00016802,4,200,2,0.098796,23,13
3,0.00016802,5,200,1,0.098796,15,7
3,0.0011326,6,200,2,0.83321,13,5
3,0.0011326,7,200,1,0.83321,7,1
3,0.0011411,8,100,2,0.048156,29,17
3,0.0011411,9,100,1,0.048156,21,11
