"Cell Type","Cost","MatchingID","MatchingPercentMatch","MatchingType","MeanMatchedPersistence","tree1NodeId","tree2NodeId"
3,0.00021288,0,200,2,1.2922,31,15
3,0.00021288,1,200,3,1.2922,0,0
3,3.4763e-05,2,200,2,0.84895,9,5
3,3.4763e-05,3,200,1,0.84895,3,1
3,7.1833e-05,4,200,2,0.098085,23,13
3,7.1833e-05,5,200,1,0.098085,15,7
3,0.00041672,6,200,2,0.83762,13,9
3,0.00041672,7,200,1,0.83762,7,3
3,0.00048783,8,100,2,0.058849,29,17
3,0.00048783,9,100,1,0.058849,21,11
