"Cell Type","Cost","MatchingID","MatchingPercentMatch","MatchingType","MeanMatchedPersistence","tree1NodeId","tree2NodeId"
3,0.00016574,0,200,2,1.2914,31,15
3,0.00016574,1,200,3,1.2914,0,0
3,2.7064e-05,2,200,2,0.8487,9,5
3,2.7064e-05,3,200,1,0.8487,3,1
3,5.5926e-05,4,200,2,0.097928,23,13
3,5.5926e-05,5,200,1,0.097928,15,7
3,0.00032444,6,200,2,0.83866,13,9
3,0.00032444,7,200,1,0.83866,7,3
3,0.0003798,8,100,2,0.061208,29,17
3,0.0003798,9,100,1,0.061208,21,11
