"Cell Type","Cost","MatchingID","MatchingPercentMatch","MatchingType","MeanMatchedPersistence","tree1NodeId","tree2NodeId"
3,0.00013096,0,200,2,1.2907,31,15
3,0.00013096,1,200,3,1.2907,0,0
3,2.1384e-05,2,200,2,0.8485,9,5
3,2.1384e-05,3,200,1,0.8485,3,1
3,4.4187e-05,4,200,2,0.097797,23,13
3,4.4187e-05,5,200,1,0.097797,15,7
3,0.00025635,6,200,2,0.83952,13,9
3,0.00025635,7,200,1,0.83952,7,3
3,0.00030008,8,100,2,0.063169,29,17
3,0.00030008,9,100,1,0.063169,21,11
