"Cell Type","Cost","MatchingID","MatchingPercentMatch","MatchingType","MeanMatchedPersistence","tree1NodeId","tree2NodeId"
3,5.2382e-06,0,200,2,1.2861,31,15
3,5.2382e-06,1,200,3,1.2861,0,0
3,4.1898e-07,2,200,2,0.84668,13,9
3,4.1898e-07,3,200,1,0.84668,7,3
3,1.2003e-05,4,100,2,0.075616,29,17
3,1.2003e-05,5,100,1,0.075616,21,11
3,1.7677e-06,6,200,2,0.096964,23,13
3,1.7677e-06,7,200,1,0.096964,15,7
3,1.1914e-05,8,200,2,0.8455,9,5
3,1.1914e-05,9,200,1,0.8455,3,1
