"Cell Type","Cost","MatchingID","MatchingPercentMatch","MatchingType","MeanMatchedPersistence","tree1NodeId","tree2NodeId"
3,0.00015133,0,200,2,1.2911,31,15
3,0.00015133,1,200,3,1.2911,0,0
3,2.4712e-05,2,200,2,0.84862,9,5
3,2.4712e-05,3,200,1,0.84862,3,1
3,5.1065e-05,4,200,2,0.097876,23,13
3,5.1065e-05,5,200,1,0.097876,15,7
3,0.00029624,6,200,2,0.839,13,9
3,0.00029624,7,200,1,0.839,7,3
3,0.00034678,8,100,2,0.061993,29,17
3,0.00034678,9,100,1,0.061993,21,11
