"Cell Type","Cost","MatchingID","MatchingPercentMatch","MatchingType","MeanMatchedPersistence","tree1NodeId","tree2NodeId"
3,3.9614e-05,0,200,2,1.2881,31,15
3,3.9614e-05,1,200,3,1.2881,0,0
3,6.4687e-06,2,200,2,0.84777,9,5
3,6.4687e-06,3,200,1,0.84777,3,1
3,1.3367e-05,4,200,2,0.097328,23,13
3,1.3367e-05,5,200,1,0.097328,15,7
3,7.7545e-05,6,200,2,0.8426,13,9
3,7.7545e-05,7,200,1,0.8426,7,3
3,9.0777e-05,8,100,2,0.070192,29,17
3,9.0777e-05,9,100,1,0.070192,21,11
