"Cell Type","Cost","MatchingID","MatchingPercentMatch","MatchingType","MeanMatchedPersistence","tree1NodeId","tree2NodeId"
3,0.00036741,0,200,2,1.2945,31,15
3,0.00036741,1,200,3,1.2945,0,0
3,2.9388e-05,2,200,2,0.84923,9,9
3,2.9388e-05,3,200,1,0.84923,3,3
3,0.00012397,4,200,2,0.098506,23,13
3,0.00012397,5,200,1,0.098506,15,7
3,0.00083565,6,200,2,0.83518,13,5
3,0.00083565,7,200,1,0.83518,7,1
3,0.00084193,8,100,2,0.052528,29,17
3,0.00084193,9,100,1,0.052528,21,11
