"Cell Type","Cost","MatchingID","MatchingPercentMatch","MatchingType","MeanMatchedPersistence","tree1NodeId","tree2NodeId"
3,4.3297e-05,0,200,2,1.2883,31,15
3,4.3297e-05,1,200,3,1.2883,0,0
3,7.07e-06,2,200,2,0.84781,9,5
3,7.07e-06,3,200,1,0.84781,3,1
3,1.4609e-05,4,200,2,0.097354,23,13
3,1.4609e-05,5,200,1,0.097354,15,7
3,9.9216e-05,6,100,2,0.069804,29,17
3,9.9216e-05,7,100,1,0.069804,21,11
3,8.4755e-05,8,200,2,0.84243,13,9
3,8.4755e-05,9,200,1,0.84243,7,3
