"Cell Type","Cost","MatchingID","MatchingPercentMatch","MatchingType","MeanMatchedPersistence","tree1NodeId","tree2NodeId"
3,0.00010026,0,200,2,1.29,31,15
3,0.00010026,1,200,3,1.29,0,0
3,1.6372e-05,2,200,2,0.8483,9,5
3,1.6372e-05,3,200,1,0.8483,3,1
3,3.3832e-05,4,200,2,0.097667,23,13
3,3.3832e-05,5,200,1,0.097667,15,7
3,0.00019627,6,200,2,0.84038,13,9
3,0.00019627,7,200,1,0.84038,7,3
3,0.00022975,8,100,2,0.065126,29,17
3,0.00022975,9,100,1,0.065126,21,11
