"Cell Type","Cost","MatchingID","MatchingPercentMatch","MatchingType","MeanMatchedPersistence","tree1NodeId","tree2NodeId"
3,0.00018858,0,200,2,1.2918,31,15
3,0.00018858,1,200,3,1.2918,0,0
3,3.0793e-05,2,200,2,0.84883,9,5
3,3.0793e-05,3,200,1,0.84883,3,1
3,6.3631e-05,4,200,2,0.098007,23,13
3,6.3631e-05,5,200,1,0.098007,15,7
3,0.00036914,6,200,2,0.83814,13,9
3,0.00036914,7,200,1,0.83814,7,3
3,0.00043213,8,100,2,0.060029,29,17
3,0.00043213,9,100,1,0.060029,21,11
