"Cell Type","Cost","MatchingID","MatchingPercentMatch","MatchingType","MeanMatchedPersistence","tree1NodeId","tree2NodeId"
3,0.00080218,0,200,2,1.2991,31,15
3,0.00080218,1,200,3,1.2991,0,0
3,6.4164e-05,2,200,2,0.85058,9,9
3,6.4164e-05,3,200,1,0.85058,3,3
3,0.00027068,4,200,2,0.099352,23,13
3,0.00027068,5,200,1,0.099352,15,7
3,0.0018245,6,200,2,0.82942,17,5
3,0.0018245,7,200,1,0.82942,11,1
3,0.0018382,8,100,2,0.039752,29,17
3,0.0018382,9,100,1,0.039752,21,11
