"Cell Type","Cost","MatchingID","MatchingPercentMatch","MatchingType","MeanMatchedPersistence","tree1NodeId","tree2NodeId"
3,5.9666e-05,0,200,2,1.2888,31,15
3,5.9666e-05,1,200,3,1.2888,0,0
3,4.7724e-06,2,200,2,0.84751,9,9
3,4.7724e-06,3,200,1,0.84751,3,3
3,2.0133e-05,4,200,2,0.097458,23,13
3,2.0133e-05,5,200,1,0.097458,15,7
3,0.00013673,6,100,2,0.068247,29,17
3,0.00013673,7,100,1,0.068247,21,11
3,0.00013571,8,200,2,0.84222,13,5
3,0.00013571,9,200,1,0.84222,7,1
