"Cell Type","Cost","MatchingID","MatchingPercentMatch","MatchingType","MeanMatchedPersistence","tree1NodeId","tree2NodeId"
3,0.00052382,0,200,2,1.2964,31,15
3,0.00052382,1,200,3,1.2964,0,0
3,4.1899e-05,2,200,2,0.84978,9,9
3,4.1899e-05,3,200,1,0.84978,3,3
3,0.00017675,4,200,2,0.098849,23,13
3,0.00017675,5,200,1,0.098849,15,7
3,0.0011914,6,200,2,0.83285,17,5
3,0.0011914,7,200,1,0.83285,11,1
3,0.0012003,8,100,2,0.047359,29,17
3,0.0012003,9,100,1,0.047359,21,11
