"Cell Type","Cost","MatchingID","MatchingPercentMatch","MatchingType","MeanMatchedPersistence","tree1NodeId","tree2NodeId"
3,0.00011819,0,200,2,1.2904,31,15
3,0.00011819,1,200,3,1.2904,0,0
3,1.9299e-05,2,200,2,0.84842,9,5
3,1.9299e-05,3,200,1,0.84842,3,1
3,3.988e-05,4,200,2,0.097745,23,13
3,3.988e-05,5,200,1,0.097745,15,7
3,0.00023135,6,200,2,0.83986,13,9
3,0.00023135,7,200,1,0.83986,7,3
3,0.00027083,8,100,2,0.063952,29,17
3,0.00027083,9,100,1,0.063952,21,11
