"Cell Type","Cost","MatchingID","MatchingPercentMatch","MatchingType","MeanMatchedPersistence","tree1NodeId","tree2NodeId"
3,0.00047275,0,200,2,1.2958,31,15
3,0.00047275,1,200,3,1.2958,0,0
3,3.7814e-05,2,200,2,0.84961,9,9
3,3.7814e-05,3,200,1,0.84961,3,3
3,0.00015952,4,200,2,0.098743,23,13
3,0.00015952,5,200,1,0.098743,15,7
3,0.0010752,6,200,2,0.83357,13,5
3,0.0010752,7,200,1,0.83357,7,1
3,0.0010833,8,100,2,0.048953,29,17
3,0.0010833,9,100,1,0.048953,21,11
