"Cell Type","Cost","MatchingID","MatchingPercentMatch","MatchingType","MeanMatchedPersistence","tree1NodeId","tree2NodeId"
3,0.0001808,0,200,2,1.2917,31,15
3,0.0001808,1,200,3,1.2917,0,0
3,2.9524e-05,2,200,2,0.84879,9,5
3,2.9524e-05,3,200,1,0.84879,3,1
3,6.1007e-05,4,200,2,0.097981,23,13
3,6.1007e-05,5,200,1,0.097981,15,7
3,0.00035392,6,200,2,0.83831,13,9
3,0.00035392,7,200,1,0.83831,7,3
3,0.0004143,8,100,2,0.060423,29,17
3,0.0004143,9,100,1,0.060423,21,11
