"Cell Type","Cost","MatchingID","MatchingPercentMatch","MatchingType","MeanMatchedPersistence","tree1NodeId","tree2NodeId"
3,0.00012449,0,200,2,1.2905,31,15
3,0.00012449,1,200,3,1.2905,0,0
3,2.0328e-05,2,200,2,0.84846,9,5
3,2.0328e-05,3,200,1,0.84846,3,1
3,4.2006e-05,4,200,2,0.097771,23,13
3,4.2006e-05,5,200,1,0.097771,15,7
3,0.00024369,6,200,2,0.83969,13,9
3,0.00024369,7,200,1,0.83969,7,3
3,0.00028527,8,100,2,0.063561,29,17
3,0.00028527,9,100,1,0.063561,21,11
