"Cell Type","Cost","MatchingID","MatchingPercentMatch","MatchingType","MeanMatchedPersistence","tree1NodeId","tree2NodeId"
3,0.00030455,0,200,2,1.2937,31,15
3,0.00030455,1,200,3,1.2937,0,0
3,2.436e-05,2,200,2,0.84897,9,9
3,2.436e-05,3,200,1,0.84897,3,3
3,0.00010276,4,200,2,0.098348,23,13
3,0.00010276,5,200,1,0.098348,15,7
3,0.00069268,6,200,2,0.83625,13,5
3,0.00069268,7,200,1,0.83625,7,1
3,0.00069789,8,100,2,0.054904,29,17
3,0.00069789,9,100,1,0.054904,21,11
