"Cell Type","Cost","MatchingID","MatchingPercentMatch","MatchingType","MeanMatchedPersistence","tree1NodeId","tree2NodeId"
3,0.00046039,0,200,2,1.2957,31,15
3,0.00046039,1,200,3,1.2957,0,0
3,3.6825e-05,2,200,2,0.84957,9,9
3,3.6825e-05,3,200,1,0.84957,3,3
3,0.00015535,4,200,2,0.098717,23,13
3,0.00015535,5,200,1,0.098717,15,7
3,0.0010471,6,200,2,0.83375,13,5
3,0.0010471,7,200,1,0.83375,7,1
3,0.001055,8,100,2,0.049351,29,17
3,0.001055,9,100,1,0.049351,21,11
