"Cell Type","Cost","MatchingID","MatchingPercentMatch","MatchingType","MeanMatchedPersistence","tree1NodeId","tree2NodeId"
3,3.2742e-07,0,200,2,1.2853,31,15
3,3.2742e-07,1,200,3,1.2853,0,0
3,2.6195e-08,2,200,2,0.84641,13,9
3,2.6195e-08,3,200,1,0.84641,7,3
3,1.1047e-07,4,200,2,0.096808,23,13
3,1.1047e-07,5,200,1,0.096808,15,7
3,7.4459e-07,6,200,2,0.84652,9,5
3,7.4459e-07,7,200,1,0.84652,3,1
3,7.5023e-07,8,100,2,0.07793,29,17
3,7.5023e-07,9,100,1,0.07793,21,11
