"Cell Type","Cost","MatchingID","MatchingPercentMatch","MatchingType","MeanMatchedPersistence","tree1NodeId","tree2NodeId"
3,2.9464e-06,0,200,2,1.2858,31,15
3,2.9464e-06,1,200,3,1.2858,0,0
3,2.3567e-07,2,200,2,0.84659,13,9
3,2.3567e-07,3,200,1,0.84659,7,3
3,6.7519e-06,4,100,2,0.076388,29,17
3,6.7519e-06,5,100,1,0.076388,21,11
3,9.9431e-07,6,200,2,0.096912,23,13
3,9.9431e-07,7,200,1,0.096912,15,7
3,6.7016e-06,8,200,2,0.84584,9,5
3,6.7016e-06,9,200,1,0.84584,3,1
