"Cell Type","Cost","MatchingID","MatchingPercentMatch","MatchingType","MeanMatchedPersistence","tree1NodeId","tree2NodeId"
3,0.00028491,0,200,2,1.2934,31,15
3,0.00028491,1,200,3,1.2934,0,0
3,4.6524e-05,2,200,2,0.84927,9,5
3,4.6524e-05,3,200,1,0.84927,3,1
3,9.6136e-05,4,200,2,0.098296,23,13
3,9.6136e-05,5,200,1,0.098296,15,7
3,0.00055771,6,200,2,0.83622,13,9
3,0.00055771,7,200,1,0.83622,7,3
3,0.00065287,8,100,2,0.055694,29,17
3,0.00065287,9,100,1,0.055694,21,11
