"Cell Type","Cost","MatchingID","MatchingPercentMatch","MatchingType","MeanMatchedPersistence","tree1NodeId","tree2NodeId"
3,0.0017413,0,200,2,28.677,7,7
3,0.0017413,1,200,3,28.677,0,0
3,5.1748e-07,2,200,2,1.2633,9,9
3,5.1748e-07,3,200,1,1.2633,3,3
3,6.7084e-07,4,200,2,0.53745,5,5
3,6.7084e-07,5,200,1,0.53745,1,1
