"Cell Type","Cost","MatchingID","MatchingPercentMatch","MatchingType","MeanMatchedPersistence","tree1NodeId","tree2NodeId"
3,3.4142e-08,0,200,2,1.5024,7,7
3,3.4142e-08,1,200,3,1.5024,0,0
3,0.00011862,2,200,2,0.62633,5,5
3,0.00011862,3,200,1,0.62633,1,1
3,0.0020691,4,100,2,0.091749,9,9
3,0.0020691,5,100,1,0.091749,3,3
