"Cell Type","Cost","MatchingID","MatchingPercentMatch","MatchingType","MeanMatchedPersistence","tree1NodeId","tree2NodeId"
3,1.4525e-08,0,200,2,1.5024,7,7
3,1.4525e-08,1,200,3,1.5024,0,0
3,5.0454e-05,2,200,2,0.62348,5,5
3,5.0454e-05,3,200,1,0.62348,1,1
3,0.00088006,4,100,2,0.10856,9,9
3,0.00088006,5,100,1,0.10856,3,3
