"Cell Type","Cost","MatchingID","MatchingPercentMatch","MatchingType","MeanMatchedPersistence","tree1NodeId","tree2NodeId"
3,6.2074e-08,0,200,2,1.5024,7,7
3,6.2074e-08,1,200,3,1.5024,0,0
3,0.0002155,2,200,2,0.62919,5,5
3,0.0002155,3,200,1,0.62919,1,1
3,0.0037588,4,100,2,0.074941,9,9
3,0.0037588,5,100,1,0.074941,3,3
