"Cell Type","Cost","MatchingID","MatchingPercentMatch","MatchingType","MeanMatchedPersistence","tree1NodeId","tree2NodeId"
3,6.4557e-09,0,200,2,1.5025,7,7
3,6.4557e-09,1,200,3,1.5025,0,0
3,2.2424e-05,2,200,2,0.62169,5,5
3,2.2424e-05,3,200,1,0.62169,1,1
3,0.00039114,4,100,2,0.11906,9,9
3,0.00039114,5,100,1,0.11906,3,3
