"BranchNodeID","ClusterID","CriticalType","NodeId","PercentMatchNode","Persistence","Scalar","TreeID","VertexId","isDummyNode","isImportantPair"
0,0,3,0,200,1.2982,1.2982,0,1,0,1
1,0,1,2,200,0.85741,0.85741,0,0,0,1
1,0,1,2,200,0.85741,0.85741,0,0,1,1
2,0,1,4,200,0.85681,0.85681,0,0,0,1
2,0,1,4,200,0.85681,0.85681,0,0,1,1
1,0,0,6,200,0.85741,2.0519e-07,0,0,0,1
1,0,0,6,200,0.85741,2.0519e-07,0,0,1,1
3,0,1,8,100,0.17893,0.22256,0,6797,0,1
3,0,1,8,100,0.17893,0.22256,0,6797,1,1
4,0,1,10,100,0.055724,0.17669,0,0,0,1
4,0,1,10,100,0.055724,0.17669,0,0,1,1
5,0,1,12,100,0.067751,0.15457,0,6426,0,1
5,0,1,12,100,0.067751,0.15457,0,6426,1,1
6,0,1,14,100,0.15911,0.20137,0,5658,0,1
6,0,1,14,100,0.15911,0.20137,0,5658,1,1
7,0,1,16,100,0.0044362,0.1575,0,6797,0,1
7,0,1,16,100,0.0044362,0.1575,0,6797,1,1
0,0,0,18,200,1.2982,0,0,5445,0,1
0,0,0,18,200,1.2982,0,0,5445,1,1
3,0,0,20,100,0.17893,0.043624,0,6802,0,1
3,0,0,20,100,0.17893,0.043624,0,6802,1,1
5,0,0,22,100,0.067751,0.086823,0,6045,0,1
5,0,0,22,100,0.067751,0.086823,0,6045,1,1
8,0,1,24,100,0.016639,0.15883,0,5654,0,1
8,0,1,24,100,0.016639,0.15883,0,5654,1,1
2,0,0,26,200,0.85681,2.2232e-07,0,5654,0,1
2,0,0,26,200,0.85681,2.2232e-07,0,5654,1,1
9,0,1,28,100,0.0023868,0.15359,0,7741,0,1
9,0,1,28,100,0.0023868,0.15359,0,7741,1,1
7,0,0,30,100,0.0044362,0.15306,0,5656,0,1
7,0,0,30,100,0.0044362,0.15306,0,5656,1,1
6,0,0,32,100,0.15911,0.042266,0,5458,0,1
6,0,0,32,100,0.15911,0.042266,0,5458,1,1
8,0,0,34,100,0.016639,0.14219,0,5656,0,1
8,0,0,34,100,0.016639,0.14219,0,5656,1,1
10,0,1,36,100,0.0032272,0.15232,0,5658,0,1
10,0,1,36,100,0.0032272,0.15232,0,5658,1,1
9,0,0,38,100,0.0023868,0.15121,0,12096,0,1
9,0,0,38,100,0.0023868,0.15121,0,12096,1,1
11,0,1,40,100,0.012769,0.15098,0,7954,0,1
11,0,1,40,100,0.012769,0.15098,0,7954,1,1
10,0,0,42,100,0.0032272,0.1491,0,6045,0,1
10,0,0,42,100,0.0032272,0.1491,0,6045,1,1
12,0,1,44,100,0.010501,0.14709,0,4285,0,1
12,0,1,44,100,0.010501,0.14709,0,4285,1,1
11,0,0,46,100,0.012769,0.13821,0,6426,0,1
11,0,0,46,100,0.012769,0.13821,0,6426,1,1
4,0,0,48,100,0.055724,0.12096,0,5458,0,1
4,0,0,48,100,0.055724,0.12096,0,5458,1,1
12,0,0,50,100,0.010501,0.13659,0,6802,0,1
12,0,0,50,100,0.010501,0.13659,0,6802,1,1
