"BranchNodeID","ClusterID","CriticalType","NodeId","PercentMatchNode","Persistence","Scalar","TreeID","VertexId","isDummyNode","isImportantPair"
0,0,3,0,200,1.3062,1.3062,0,0,0,1
1,0,1,2,200,0.85251,0.85251,0,0,0,1
1,0,1,2,200,0.85251,0.85251,0,0,1,1
2,0,1,4,200,0.84869,0.8487,0,0,0,1
2,0,1,4,200,0.84869,0.8487,0,0,1,1
1,0,0,6,200,0.85251,8.9381e-06,0,6798,0,1
1,0,0,6,200,0.85251,8.9381e-06,0,6798,1,1
3,0,1,8,200,0.13236,0.17171,0,1,0,1
3,0,1,8,200,0.13236,0.17171,0,1,1,1
2,0,0,10,200,0.84869,1.0121e-05,0,0,0,1
2,0,0,10,200,0.84869,1.0121e-05,0,0,1,1
4,0,1,12,200,0.039949,0.1202,0,7932,0,1
4,0,1,12,200,0.039949,0.1202,0,7932,1,1
5,0,1,14,100,0.028874,0.15987,0,217333200,0,1
5,0,1,14,100,0.028874,0.15987,0,217333200,1,1
6,0,1,16,100,0.018949,0.10829,0,4285,0,1
6,0,1,16,100,0.018949,0.10829,0,4285,1,1
4,0,0,18,200,0.039949,0.080253,0,7012,0,1
4,0,0,18,200,0.039949,0.080253,0,7012,1,1
7,0,1,20,200,0.13468,0.15797,0,3,0,1
7,0,1,20,200,0.13468,0.15797,0,3,1,1
5,0,0,22,100,0.028874,0.131,0,6824,0,1
5,0,0,22,100,0.028874,0.131,0,6824,1,1
8,0,1,24,100,0.038845,0.097852,0,5472,0,1
8,0,1,24,100,0.038845,0.097852,0,5472,1,1
6,0,0,26,100,0.018949,0.089342,0,6998,0,1
6,0,0,26,100,0.018949,0.089342,0,6998,1,1
9,0,1,28,100,0.024173,0.14387,0,3739,0,1
9,0,1,28,100,0.024173,0.14387,0,3739,1,1
7,0,0,30,200,0.13468,0.023288,0,5258,0,1
7,0,0,30,200,0.13468,0.023288,0,5258,1,1
3,0,0,32,200,0.13236,0.039353,0,12287,0,1
3,0,0,32,200,0.13236,0.039353,0,12287,1,1
8,0,0,34,100,0.038845,0.059007,0,7178,0,1
8,0,0,34,100,0.038845,0.059007,0,7178,1,1
10,0,1,36,200,0.039642,0.11788,0,5266,0,1
10,0,1,36,200,0.039642,0.11788,0,5266,1,1
9,0,0,38,100,0.024173,0.11969,0,5665,0,1
9,0,0,38,100,0.024173,0.11969,0,5665,1,1
11,0,1,40,200,0.089879,0.094649,0,6822,0,1
11,0,1,40,200,0.089879,0.094649,0,6822,1,1
10,0,0,42,200,0.039642,0.078243,0,5445,0,1
10,0,0,42,200,0.039642,0.078243,0,5445,1,1
12,0,1,44,200,0.056783,0.07407,0,7006,0,1
12,0,1,44,200,0.056783,0.07407,0,7006,1,1
11,0,0,46,200,0.089879,0.0047707,0,6986,0,1
11,0,0,46,200,0.089879,0.0047707,0,6986,1,1
13,0,1,48,100,0.017339,0.058611,0,6986,0,1
13,0,1,48,100,0.017339,0.058611,0,6986,1,1
12,0,0,50,200,0.056783,0.017287,0,5066,0,1
12,0,0,50,200,0.056783,0.017287,0,5066,1,1
0,0,0,52,200,1.3062,0,0,5470,0,1
0,0,0,52,200,1.3062,0,0,5470,1,1
13,0,0,54,100,0.017339,0.041272,0,7178,0,1
13,0,0,54,100,0.017339,0.041272,0,7178,1,1
