"BranchNodeID","ClusterID","CriticalType","NodeId","PercentMatchNode","Persistence","Scalar","TreeID","VertexId","isDummyNode","isImportantPair"
0,0,3,0,200,1.306,1.306,0,0,0,1
1,0,1,2,200,0.85257,0.85258,0,0,0,1
1,0,1,2,200,0.85257,0.85258,0,0,1,1
2,0,1,4,200,0.84867,0.84868,0,0,0,1
2,0,1,4,200,0.84867,0.84868,0,0,1,1
1,0,0,6,200,0.85257,9.7559e-06,0,6798,0,1
1,0,0,6,200,0.85257,9.7559e-06,0,6798,1,1
3,0,1,8,200,0.12845,0.17327,0,0,0,1
3,0,1,8,200,0.12845,0.17327,0,0,1,1
2,0,0,10,200,0.84867,9.8546e-06,0,0,0,1
2,0,0,10,200,0.84867,9.8546e-06,0,0,1,1
4,0,1,12,200,0.041722,0.12314,0,7932,0,1
4,0,1,12,200,0.041722,0.12314,0,7932,1,1
5,0,1,14,200,0.14157,0.16489,0,0,0,1
5,0,1,14,200,0.14157,0.16489,0,0,1,1
6,0,1,16,100,0.021732,0.1134,0,4285,0,1
6,0,1,16,100,0.021732,0.1134,0,4285,1,1
4,0,0,18,200,0.041722,0.081423,0,7012,0,1
4,0,0,18,200,0.041722,0.081423,0,7012,1,1
7,0,1,20,100,0.034119,0.16247,0,0,0,1
7,0,1,20,100,0.034119,0.16247,0,0,1,1
5,0,0,22,200,0.14157,0.02332,0,5258,0,1
5,0,0,22,200,0.14157,0.02332,0,5258,1,1
8,0,1,24,100,0.044551,0.10502,0,5472,0,1
8,0,1,24,100,0.044551,0.10502,0,5472,1,1
6,0,0,26,100,0.021732,0.091666,0,6998,0,1
6,0,0,26,100,0.021732,0.091666,0,6998,1,1
9,0,1,28,100,0.028564,0.14604,0,3739,0,1
9,0,1,28,100,0.028564,0.14604,0,3739,1,1
7,0,0,30,100,0.034119,0.12835,0,6824,0,1
7,0,0,30,100,0.034119,0.12835,0,6824,1,1
3,0,0,32,200,0.12845,0.044826,0,12287,0,1
3,0,0,32,200,0.12845,0.044826,0,12287,1,1
8,0,0,34,100,0.044551,0.060472,0,7178,0,1
8,0,0,34,100,0.044551,0.060472,0,7178,1,1
10,0,1,36,200,0.03936,0.11911,0,5266,0,1
10,0,1,36,200,0.03936,0.11911,0,5266,1,1
9,0,0,38,100,0.028564,0.11748,0,5665,0,1
9,0,0,38,100,0.028564,0.11748,0,5665,1,1
11,0,1,40,200,0.085462,0.09019,0,6822,0,1
11,0,1,40,200,0.085462,0.09019,0,6822,1,1
10,0,0,42,200,0.03936,0.07975,0,5445,0,1
10,0,0,42,200,0.03936,0.07975,0,5445,1,1
12,0,1,44,200,0.056829,0.075328,0,7006,0,1
12,0,1,44,200,0.056829,0.075328,0,7006,1,1
11,0,0,46,200,0.085462,0.0047288,0,6986,0,1
11,0,0,46,200,0.085462,0.0047288,0,6986,1,1
13,0,1,48,100,0.013484,0.056676,0,6986,0,1
13,0,1,48,100,0.013484,0.056676,0,6986,1,1
12,0,0,50,200,0.056829,0.018499,0,5066,0,1
12,0,0,50,200,0.056829,0.018499,0,5066,1,1
0,0,0,52,200,1.306,0,0,5470,0,1
0,0,0,52,200,1.306,0,0,5470,1,1
13,0,0,54,100,0.013484,0.043193,0,7178,0,1
13,0,0,54,100,0.013484,0.043193,0,7178,1,1
